date,borough,food_complaints_total,rodent_complaints,food_safety_complaints
2023-01-01,BRONX,1,0,0
2023-01-01,BROOKLYN,8,0,0
2023-01-01,MANHATTAN,13,0,0
2023-01-01,QUEENS,10,0,0
2023-01-01,STATEN ISLAND,1,0,0
2023-01-02,BROOKLYN,7,0,0
2023-01-02,MANHATTAN,13,0,0
2023-01-02,QUEENS,4,0,0
2023-01-02,STATEN ISLAND,2,0,0
2023-01-03,BRONX,5,0,0
2023-01-03,BROOKLYN,7,0,0
2023-01-03,MANHATTAN,12,0,0
2023-01-03,QUEENS,15,0,0
2023-01-03,STATEN ISLAND,2,0,0
2023-01-04,BROOKLYN,11,0,0
2023-01-04,MANHATTAN,10,0,0
2023-01-04,QUEENS,8,0,0
2023-01-04,STATEN ISLAND,1,0,0
2023-01-05,BROOKLYN,9,0,0
2023-01-05,MANHATTAN,14,0,0
2023-01-05,QUEENS,16,0,0
2023-01-05,STATEN ISLAND,2,0,0
2023-01-06,BRONX,5,0,0
2023-01-06,BROOKLYN,14,0,0
2023-01-06,MANHATTAN,22,0,0
2023-01-06,QUEENS,11,0,0
2023-01-06,STATEN ISLAND,2,0,0
2023-01-07,BRONX,3,0,0
2023-01-07,BROOKLYN,12,0,0
2023-01-07,MANHATTAN,12,0,0
2023-01-07,QUEENS,9,0,0
2023-01-08,BRONX,1,0,0
2023-01-08,BROOKLYN,12,0,0
2023-01-08,MANHATTAN,15,0,0
2023-01-08,QUEENS,8,0,0
2023-01-09,BRONX,1,0,0
2023-01-09,BROOKLYN,12,0,0
2023-01-09,MANHATTAN,10,0,0
2023-01-09,QUEENS,9,0,0
2023-01-09,STATEN ISLAND,2,0,0
2023-01-10,BRONX,4,0,0
2023-01-10,BROOKLYN,12,0,0
2023-01-10,MANHATTAN,6,0,0
2023-01-10,QUEENS,10,0,0
2023-01-10,STATEN ISLAND,2,0,0
2023-01-11,BRONX,2,0,0
2023-01-11,BROOKLYN,7,0,0
2023-01-11,MANHATTAN,13,0,0
2023-01-11,QUEENS,10,0,0
2023-01-11,STATEN ISLAND,1,0,0
2023-01-12,BRONX,9,0,0
2023-01-12,BROOKLYN,9,0,0
2023-01-12,MANHATTAN,13,0,0
2023-01-12,QUEENS,12,0,0
2023-01-12,STATEN ISLAND,1,0,0
2023-01-13,BRONX,7,0,0
2023-01-13,BROOKLYN,11,0,0
2023-01-13,MANHATTAN,12,0,0
2023-01-13,QUEENS,10,0,0
2023-01-13,STATEN ISLAND,1,0,0
2023-01-14,BRONX,2,0,0
2023-01-14,BROOKLYN,8,0,0
2023-01-14,MANHATTAN,11,0,0
2023-01-14,QUEENS,6,0,0
2023-01-14,STATEN ISLAND,1,0,0
2023-01-15,BROOKLYN,11,0,0
2023-01-15,MANHATTAN,9,0,0
2023-01-15,QUEENS,11,0,0
2023-01-15,STATEN ISLAND,2,0,0
2023-01-16,BRONX,1,0,0
2023-01-16,BROOKLYN,12,0,0
2023-01-16,MANHATTAN,9,0,0
2023-01-16,QUEENS,2,0,0
2023-01-17,BRONX,2,0,0
2023-01-17,BROOKLYN,8,0,0
2023-01-17,MANHATTAN,15,0,0
2023-01-17,QUEENS,6,0,0
2023-01-17,STATEN ISLAND,2,0,0
2023-01-18,BRONX,2,0,0
2023-01-18,BROOKLYN,12,0,0
2023-01-18,MANHATTAN,18,0,0
2023-01-18,QUEENS,12,0,0
2023-01-19,BRONX,3,0,0
2023-01-19,BROOKLYN,10,0,0
2023-01-19,MANHATTAN,9,0,0
2023-01-19,QUEENS,6,0,0
2023-01-19,STATEN ISLAND,1,0,0
2023-01-20,BRONX,1,0,0
2023-01-20,BROOKLYN,7,0,0
2023-01-20,MANHATTAN,23,0,0
2023-01-20,QUEENS,6,0,0
2023-01-20,STATEN ISLAND,1,0,0
2023-01-21,BRONX,4,0,0
2023-01-21,BROOKLYN,4,0,0
2023-01-21,MANHATTAN,19,0,0
2023-01-21,QUEENS,6,0,0
2023-01-21,STATEN ISLAND,3,0,0
2023-01-22,BRONX,1,0,0
2023-01-22,BROOKLYN,5,0,0
2023-01-22,MANHATTAN,11,0,0
2023-01-22,QUEENS,8,0,0
2023-01-22,STATEN ISLAND,2,0,0
2023-01-23,BRONX,6,0,0
2023-01-23,BROOKLYN,11,0,0
2023-01-23,MANHATTAN,20,0,0
2023-01-23,QUEENS,6,0,0
2023-01-23,STATEN ISLAND,1,0,0
2023-01-24,BRONX,7,0,0
2023-01-24,BROOKLYN,9,0,0
2023-01-24,MANHATTAN,12,0,0
2023-01-24,QUEENS,10,0,0
2023-01-24,STATEN ISLAND,1,0,0
2023-01-25,BRONX,2,0,0
2023-01-25,BROOKLYN,8,0,0
2023-01-25,MANHATTAN,14,0,0
2023-01-25,QUEENS,11,0,0
2023-01-26,BRONX,4,0,0
2023-01-26,BROOKLYN,11,0,0
2023-01-26,MANHATTAN,18,0,0
2023-01-26,QUEENS,8,0,0
2023-01-27,BRONX,1,0,0
2023-01-27,BROOKLYN,11,0,0
2023-01-27,MANHATTAN,9,0,0
2023-01-27,QUEENS,3,0,0
2023-01-28,BRONX,4,0,0
2023-01-28,BROOKLYN,7,0,0
2023-01-28,MANHATTAN,17,0,0
2023-01-28,QUEENS,9,0,0
2023-01-29,BRONX,3,0,0
2023-01-29,BROOKLYN,6,0,0
2023-01-29,MANHATTAN,14,0,0
2023-01-29,QUEENS,2,0,0
2023-01-29,STATEN ISLAND,1,0,0
2023-01-30,BRONX,4,0,0
2023-01-30,BROOKLYN,7,0,0
2023-01-30,MANHATTAN,22,0,0
2023-01-30,QUEENS,5,0,0
2023-01-30,STATEN ISLAND,2,0,0
2023-01-31,BRONX,5,0,0
2023-01-31,BROOKLYN,10,0,0
2023-01-31,MANHATTAN,17,0,0
2023-01-31,QUEENS,6,0,0
2023-02-01,BRONX,1,0,0
2023-02-01,BROOKLYN,6,0,0
2023-02-01,MANHATTAN,11,0,0
2023-02-01,QUEENS,18,0,0
2023-02-01,STATEN ISLAND,3,0,0
2023-02-02,BRONX,4,0,0
2023-02-02,BROOKLYN,6,0,0
2023-02-02,MANHATTAN,16,0,0
2023-02-02,QUEENS,17,0,0
2023-02-02,STATEN ISLAND,2,0,0
2023-02-03,BRONX,3,0,0
2023-02-03,BROOKLYN,5,0,0
2023-02-03,MANHATTAN,10,0,0
2023-02-03,QUEENS,11,0,0
2023-02-04,BRONX,4,0,0
2023-02-04,BROOKLYN,2,0,0
2023-02-04,MANHATTAN,15,0,0
2023-02-04,QUEENS,7,0,0
2023-02-05,BRONX,2,0,0
2023-02-05,BROOKLYN,10,0,0
2023-02-05,MANHATTAN,13,0,0
2023-02-05,QUEENS,6,0,0
2023-02-06,BRONX,8,0,0
2023-02-06,BROOKLYN,11,0,0
2023-02-06,MANHATTAN,14,0,0
2023-02-06,QUEENS,17,0,0
2023-02-06,STATEN ISLAND,1,0,0
2023-02-07,BRONX,7,0,0
2023-02-07,BROOKLYN,12,0,0
2023-02-07,MANHATTAN,14,0,0
2023-02-07,QUEENS,4,0,0
2023-02-07,STATEN ISLAND,1,0,0
2023-02-08,BRONX,3,0,0
2023-02-08,BROOKLYN,7,0,0
2023-02-08,MANHATTAN,13,0,0
2023-02-08,QUEENS,7,0,0
2023-02-08,STATEN ISLAND,2,0,0
2023-02-09,BRONX,6,0,0
2023-02-09,BROOKLYN,7,0,0
2023-02-09,MANHATTAN,18,0,0
2023-02-09,QUEENS,19,0,0
2023-02-10,BRONX,4,0,0
2023-02-10,BROOKLYN,6,0,0
2023-02-10,MANHATTAN,22,0,0
2023-02-10,QUEENS,12,0,0
2023-02-10,STATEN ISLAND,2,0,0
2023-02-11,BROOKLYN,6,0,0
2023-02-11,MANHATTAN,19,0,0
2023-02-11,QUEENS,11,0,0
2023-02-11,STATEN ISLAND,1,0,0
2023-02-12,BRONX,1,0,0
2023-02-12,BROOKLYN,7,0,0
2023-02-12,MANHATTAN,8,0,0
2023-02-12,QUEENS,7,0,0
2023-02-13,BRONX,5,0,0
2023-02-13,BROOKLYN,5,0,0
2023-02-13,MANHATTAN,12,0,0
2023-02-13,QUEENS,6,0,0
2023-02-13,STATEN ISLAND,2,0,0
2023-02-14,BRONX,3,0,0
2023-02-14,BROOKLYN,16,0,0
2023-02-14,MANHATTAN,20,0,0
2023-02-14,QUEENS,11,0,0
2023-02-15,BRONX,1,0,0
2023-02-15,BROOKLYN,10,0,0
2023-02-15,MANHATTAN,14,0,0
2023-02-15,QUEENS,11,0,0
2023-02-15,STATEN ISLAND,1,0,0
2023-02-16,BRONX,8,0,0
2023-02-16,BROOKLYN,10,0,0
2023-02-16,MANHATTAN,18,0,0
2023-02-16,QUEENS,10,0,0
2023-02-16,STATEN ISLAND,1,0,0
2023-02-17,BRONX,3,0,0
2023-02-17,BROOKLYN,10,0,0
2023-02-17,MANHATTAN,11,0,0
2023-02-17,QUEENS,16,0,0
2023-02-17,STATEN ISLAND,2,0,0
2023-02-18,BRONX,2,0,0
2023-02-18,BROOKLYN,8,0,0
2023-02-18,MANHATTAN,5,0,0
2023-02-18,QUEENS,10,0,0
2023-02-19,BRONX,3,0,0
2023-02-19,BROOKLYN,8,0,0
2023-02-19,MANHATTAN,15,0,0
2023-02-19,QUEENS,15,0,0
2023-02-19,STATEN ISLAND,2,0,0
2023-02-20,BRONX,2,0,0
2023-02-20,BROOKLYN,9,0,0
2023-02-20,MANHATTAN,11,0,0
2023-02-20,QUEENS,10,0,0
2023-02-20,STATEN ISLAND,5,0,0
2023-02-21,BRONX,5,0,0
2023-02-21,BROOKLYN,10,0,0
2023-02-21,MANHATTAN,17,0,0
2023-02-21,QUEENS,7,0,0
2023-02-21,STATEN ISLAND,1,0,0
2023-02-22,BRONX,3,0,0
2023-02-22,BROOKLYN,15,0,0
2023-02-22,MANHATTAN,23,0,0
2023-02-22,QUEENS,9,0,0
2023-02-23,BRONX,5,0,0
2023-02-23,BROOKLYN,5,0,0
2023-02-23,MANHATTAN,7,0,0
2023-02-23,QUEENS,10,0,0
2023-02-24,BRONX,2,0,0
2023-02-24,BROOKLYN,6,0,0
2023-02-24,MANHATTAN,8,0,0
2023-02-24,QUEENS,10,0,0
2023-02-24,STATEN ISLAND,1,0,0
2023-02-25,BRONX,5,0,0
2023-02-25,BROOKLYN,5,0,0
2023-02-25,MANHATTAN,6,0,0
2023-02-25,QUEENS,3,0,0
2023-02-25,STATEN ISLAND,1,0,0
2023-02-26,BRONX,2,0,0
2023-02-26,BROOKLYN,8,0,0
2023-02-26,MANHATTAN,20,0,0
2023-02-26,QUEENS,1,0,0
2023-02-26,STATEN ISLAND,1,0,0
2023-02-27,BRONX,3,0,0
2023-02-27,BROOKLYN,13,0,0
2023-02-27,MANHATTAN,24,0,0
2023-02-27,QUEENS,8,0,0
2023-02-27,STATEN ISLAND,1,0,0
2023-02-28,BRONX,1,0,0
2023-02-28,BROOKLYN,5,0,0
2023-02-28,MANHATTAN,20,0,0
2023-02-28,QUEENS,8,0,0
2023-02-28,STATEN ISLAND,1,0,0
2023-03-01,BROOKLYN,6,0,0
2023-03-01,MANHATTAN,21,0,0
2023-03-01,QUEENS,11,0,0
2023-03-01,STATEN ISLAND,2,0,0
2023-03-02,BRONX,3,0,0
2023-03-02,BROOKLYN,12,0,0
2023-03-02,MANHATTAN,18,0,0
2023-03-02,QUEENS,12,0,0
2023-03-02,STATEN ISLAND,2,0,0
2023-03-03,BRONX,4,0,0
2023-03-03,BROOKLYN,7,0,0
2023-03-03,MANHATTAN,7,0,0
2023-03-03,QUEENS,10,0,0
2023-03-03,STATEN ISLAND,1,0,0
2023-03-04,BRONX,2,0,0
2023-03-04,BROOKLYN,6,0,0
2023-03-04,MANHATTAN,10,0,0
2023-03-04,QUEENS,8,0,0
2023-03-04,STATEN ISLAND,2,0,0
2023-03-05,BRONX,3,0,0
2023-03-05,BROOKLYN,7,0,0
2023-03-05,MANHATTAN,21,0,0
2023-03-05,QUEENS,14,0,0
2023-03-05,STATEN ISLAND,2,0,0
2023-03-06,BRONX,6,0,0
2023-03-06,BROOKLYN,12,0,0
2023-03-06,MANHATTAN,18,0,0
2023-03-06,QUEENS,14,0,0
2023-03-06,STATEN ISLAND,2,0,0
2023-03-07,BRONX,5,0,0
2023-03-07,BROOKLYN,8,0,0
2023-03-07,MANHATTAN,13,0,0
2023-03-07,QUEENS,12,0,0
2023-03-08,BRONX,2,0,0
2023-03-08,BROOKLYN,10,0,0
2023-03-08,MANHATTAN,9,0,0
2023-03-08,QUEENS,9,0,0
2023-03-08,STATEN ISLAND,2,0,0
2023-03-09,BRONX,4,0,0
2023-03-09,BROOKLYN,12,0,0
2023-03-09,MANHATTAN,20,0,0
2023-03-09,QUEENS,9,0,0
2023-03-10,BRONX,3,0,0
2023-03-10,BROOKLYN,7,0,0
2023-03-10,MANHATTAN,18,0,0
2023-03-10,QUEENS,8,0,0
2023-03-11,BRONX,1,0,0
2023-03-11,BROOKLYN,7,0,0
2023-03-11,MANHATTAN,9,0,0
2023-03-11,QUEENS,9,0,0
2023-03-12,BRONX,2,0,0
2023-03-12,BROOKLYN,9,0,0
2023-03-12,MANHATTAN,10,0,0
2023-03-12,QUEENS,7,0,0
2023-03-12,STATEN ISLAND,2,0,0
2023-03-13,BRONX,4,0,0
2023-03-13,BROOKLYN,14,0,0
2023-03-13,MANHATTAN,14,0,0
2023-03-13,QUEENS,18,0,0
2023-03-14,BRONX,5,0,0
2023-03-14,BROOKLYN,12,0,0
2023-03-14,MANHATTAN,10,0,0
2023-03-14,QUEENS,7,0,0
2023-03-15,BRONX,5,0,0
2023-03-15,BROOKLYN,14,0,0
2023-03-15,MANHATTAN,16,0,0
2023-03-15,QUEENS,8,0,0
2023-03-15,STATEN ISLAND,2,0,0
2023-03-16,BRONX,1,0,0
2023-03-16,BROOKLYN,10,0,0
2023-03-16,MANHATTAN,15,0,0
2023-03-16,QUEENS,7,0,0
2023-03-17,BRONX,3,0,0
2023-03-17,BROOKLYN,10,0,0
2023-03-17,MANHATTAN,18,0,0
2023-03-17,QUEENS,12,0,0
2023-03-18,BRONX,1,0,0
2023-03-18,BROOKLYN,6,0,0
2023-03-18,MANHATTAN,10,0,0
2023-03-18,QUEENS,11,0,0
2023-03-19,BROOKLYN,14,0,0
2023-03-19,MANHATTAN,15,0,0
2023-03-19,QUEENS,7,0,0
2023-03-19,STATEN ISLAND,1,0,0
2023-03-20,BRONX,3,0,0
2023-03-20,BROOKLYN,16,0,0
2023-03-20,MANHATTAN,20,0,0
2023-03-20,QUEENS,9,0,0
2023-03-21,BRONX,3,0,0
2023-03-21,BROOKLYN,6,0,0
2023-03-21,MANHATTAN,13,0,0
2023-03-21,QUEENS,12,0,0
2023-03-22,BRONX,3,0,0
2023-03-22,BROOKLYN,8,0,0
2023-03-22,MANHATTAN,16,0,0
2023-03-22,QUEENS,7,0,0
2023-03-23,BRONX,4,0,0
2023-03-23,BROOKLYN,5,0,0
2023-03-23,MANHATTAN,19,0,0
2023-03-23,QUEENS,6,0,0
2023-03-24,BRONX,3,0,0
2023-03-24,BROOKLYN,5,0,0
2023-03-24,MANHATTAN,14,0,0
2023-03-24,QUEENS,6,0,0
2023-03-24,STATEN ISLAND,1,0,0
2023-03-25,BRONX,3,0,0
2023-03-25,BROOKLYN,8,0,0
2023-03-25,MANHATTAN,15,0,0
2023-03-25,QUEENS,5,0,0
2023-03-25,STATEN ISLAND,1,0,0
2023-03-26,BRONX,3,0,0
2023-03-26,BROOKLYN,14,0,0
2023-03-26,MANHATTAN,10,0,0
2023-03-26,QUEENS,7,0,0
2023-03-27,BRONX,1,0,0
2023-03-27,BROOKLYN,13,0,0
2023-03-27,MANHATTAN,13,0,0
2023-03-27,QUEENS,15,0,0
2023-03-28,BRONX,5,0,0
2023-03-28,BROOKLYN,4,0,0
2023-03-28,MANHATTAN,13,0,0
2023-03-28,QUEENS,9,0,0
2023-03-29,BRONX,1,0,0
2023-03-29,BROOKLYN,6,0,0
2023-03-29,MANHATTAN,16,0,0
2023-03-29,QUEENS,9,0,0
2023-03-29,STATEN ISLAND,2,0,0
2023-03-30,BRONX,3,0,0
2023-03-30,BROOKLYN,10,0,0
2023-03-30,MANHATTAN,22,0,0
2023-03-30,QUEENS,8,0,0
2023-03-31,BRONX,1,0,0
2023-03-31,BROOKLYN,18,0,0
2023-03-31,MANHATTAN,13,0,0
2023-03-31,QUEENS,8,0,0
2023-04-01,BROOKLYN,11,0,0
2023-04-01,MANHATTAN,12,0,0
2023-04-01,QUEENS,7,0,0
2023-04-01,STATEN ISLAND,1,0,0
2023-04-02,BRONX,4,0,0
2023-04-02,BROOKLYN,9,0,0
2023-04-02,MANHATTAN,14,0,0
2023-04-02,QUEENS,4,0,0
2023-04-03,BRONX,5,0,0
2023-04-03,BROOKLYN,10,0,0
2023-04-03,MANHATTAN,15,0,0
2023-04-03,QUEENS,6,0,0
2023-04-04,BRONX,2,0,0
2023-04-04,BROOKLYN,13,0,0
2023-04-04,MANHATTAN,21,0,0
2023-04-04,QUEENS,10,0,0
2023-04-04,STATEN ISLAND,1,0,0
2023-04-05,BRONX,3,0,0
2023-04-05,BROOKLYN,8,0,0
2023-04-05,MANHATTAN,14,0,0
2023-04-05,QUEENS,4,0,0
2023-04-05,STATEN ISLAND,1,0,0
2023-04-06,BRONX,2,0,0
2023-04-06,BROOKLYN,7,0,0
2023-04-06,MANHATTAN,20,0,0
2023-04-06,QUEENS,12,0,0
2023-04-07,BRONX,2,0,0
2023-04-07,BROOKLYN,15,0,0
2023-04-07,MANHATTAN,12,0,0
2023-04-07,QUEENS,8,0,0
2023-04-07,STATEN ISLAND,1,0,0
2023-04-08,BRONX,5,0,0
2023-04-08,BROOKLYN,9,0,0
2023-04-08,MANHATTAN,11,0,0
2023-04-08,QUEENS,10,0,0
2023-04-08,STATEN ISLAND,1,0,0
2023-04-09,BRONX,4,0,0
2023-04-09,BROOKLYN,6,0,0
2023-04-09,MANHATTAN,10,0,0
2023-04-09,QUEENS,4,0,0
2023-04-09,STATEN ISLAND,2,0,0
2023-04-10,BRONX,1,0,0
2023-04-10,BROOKLYN,9,0,0
2023-04-10,MANHATTAN,19,0,0
2023-04-10,QUEENS,9,0,0
2023-04-11,BRONX,5,0,0
2023-04-11,BROOKLYN,4,0,0
2023-04-11,MANHATTAN,10,0,0
2023-04-11,QUEENS,10,0,0
2023-04-11,STATEN ISLAND,2,0,0
2023-04-12,BRONX,5,0,0
2023-04-12,BROOKLYN,14,0,0
2023-04-12,MANHATTAN,20,0,0
2023-04-12,QUEENS,1,0,0
2023-04-12,STATEN ISLAND,1,0,0
2023-04-13,BRONX,4,0,0
2023-04-13,BROOKLYN,8,0,0
2023-04-13,MANHATTAN,23,0,0
2023-04-13,QUEENS,10,0,0
2023-04-13,STATEN ISLAND,1,0,0
2023-04-14,BRONX,5,0,0
2023-04-14,BROOKLYN,3,0,0
2023-04-14,MANHATTAN,15,0,0
2023-04-14,QUEENS,14,0,0
2023-04-15,BRONX,3,0,0
2023-04-15,BROOKLYN,11,0,0
2023-04-15,MANHATTAN,18,0,0
2023-04-15,QUEENS,3,0,0
2023-04-16,BRONX,4,0,0
2023-04-16,BROOKLYN,6,0,0
2023-04-16,MANHATTAN,11,0,0
2023-04-16,QUEENS,2,0,0
2023-04-16,STATEN ISLAND,3,0,0
2023-04-17,BRONX,8,0,0
2023-04-17,BROOKLYN,19,0,0
2023-04-17,MANHATTAN,19,0,0
2023-04-17,QUEENS,6,0,0
2023-04-18,BRONX,6,0,0
2023-04-18,BROOKLYN,14,0,0
2023-04-18,MANHATTAN,21,0,0
2023-04-18,QUEENS,8,0,0
2023-04-19,BRONX,1,0,0
2023-04-19,BROOKLYN,6,0,0
2023-04-19,MANHATTAN,14,0,0
2023-04-19,QUEENS,9,0,0
2023-04-20,BRONX,3,0,0
2023-04-20,BROOKLYN,11,0,0
2023-04-20,MANHATTAN,16,0,0
2023-04-20,QUEENS,10,0,0
2023-04-21,BRONX,6,0,0
2023-04-21,BROOKLYN,14,0,0
2023-04-21,MANHATTAN,12,0,0
2023-04-21,QUEENS,4,0,0
2023-04-21,STATEN ISLAND,1,0,0
2023-04-22,BRONX,3,0,0
2023-04-22,BROOKLYN,13,0,0
2023-04-22,MANHATTAN,17,0,0
2023-04-22,QUEENS,8,0,0
2023-04-22,STATEN ISLAND,3,0,0
2023-04-23,BRONX,3,0,0
2023-04-23,BROOKLYN,17,0,0
2023-04-23,MANHATTAN,13,0,0
2023-04-23,QUEENS,10,0,0
2023-04-23,STATEN ISLAND,1,0,0
2023-04-24,BRONX,5,0,0
2023-04-24,BROOKLYN,8,0,0
2023-04-24,MANHATTAN,17,0,0
2023-04-24,QUEENS,12,0,0
2023-04-25,BRONX,3,0,0
2023-04-25,BROOKLYN,12,0,0
2023-04-25,MANHATTAN,15,0,0
2023-04-25,QUEENS,14,0,0
2023-04-25,STATEN ISLAND,1,0,0
2023-04-26,BRONX,2,0,0
2023-04-26,BROOKLYN,11,0,0
2023-04-26,MANHATTAN,16,0,0
2023-04-26,QUEENS,11,0,0
2023-04-27,BRONX,4,0,0
2023-04-27,BROOKLYN,10,0,0
2023-04-27,MANHATTAN,12,0,0
2023-04-27,QUEENS,10,0,0
2023-04-27,STATEN ISLAND,1,0,0
2023-04-28,BRONX,3,0,0
2023-04-28,BROOKLYN,7,0,0
2023-04-28,MANHATTAN,18,0,0
2023-04-28,QUEENS,4,0,0
2023-04-29,BRONX,4,0,0
2023-04-29,BROOKLYN,8,0,0
2023-04-29,MANHATTAN,7,0,0
2023-04-29,QUEENS,6,0,0
2023-04-30,BROOKLYN,7,0,0
2023-04-30,MANHATTAN,8,0,0
2023-04-30,QUEENS,9,0,0
2023-05-01,BRONX,9,0,0
2023-05-01,BROOKLYN,15,0,0
2023-05-01,MANHATTAN,10,0,0
2023-05-01,QUEENS,12,0,0
2023-05-02,BRONX,3,0,0
2023-05-02,BROOKLYN,19,0,0
2023-05-02,MANHATTAN,10,0,0
2023-05-02,QUEENS,6,0,0
2023-05-02,STATEN ISLAND,1,0,0
2023-05-03,BRONX,4,0,0
2023-05-03,BROOKLYN,16,0,0
2023-05-03,MANHATTAN,19,0,0
2023-05-03,QUEENS,13,0,0
2023-05-03,STATEN ISLAND,2,0,0
2023-05-04,BRONX,5,0,0
2023-05-04,BROOKLYN,8,0,0
2023-05-04,MANHATTAN,16,0,0
2023-05-04,QUEENS,12,0,0
2023-05-05,BRONX,5,0,0
2023-05-05,BROOKLYN,12,0,0
2023-05-05,MANHATTAN,18,0,0
2023-05-05,QUEENS,5,0,0
2023-05-05,STATEN ISLAND,3,0,0
2023-05-06,BRONX,4,0,0
2023-05-06,BROOKLYN,11,0,0
2023-05-06,MANHATTAN,15,0,0
2023-05-06,QUEENS,10,0,0
2023-05-06,STATEN ISLAND,1,0,0
2023-05-07,BRONX,3,0,0
2023-05-07,BROOKLYN,11,0,0
2023-05-07,MANHATTAN,11,0,0
2023-05-07,QUEENS,8,0,0
2023-05-07,STATEN ISLAND,4,0,0
2023-05-08,BRONX,6,0,0
2023-05-08,BROOKLYN,30,0,0
2023-05-08,MANHATTAN,16,0,0
2023-05-08,QUEENS,17,0,0
2023-05-08,STATEN ISLAND,4,0,0
2023-05-09,BRONX,2,0,0
2023-05-09,BROOKLYN,11,0,0
2023-05-09,MANHATTAN,15,0,0
2023-05-09,QUEENS,6,0,0
2023-05-10,BRONX,4,0,0
2023-05-10,BROOKLYN,13,0,0
2023-05-10,MANHATTAN,19,0,0
2023-05-10,QUEENS,12,0,0
2023-05-10,STATEN ISLAND,1,0,0
2023-05-11,BRONX,6,0,0
2023-05-11,BROOKLYN,10,0,0
2023-05-11,MANHATTAN,16,0,0
2023-05-11,QUEENS,5,0,0
2023-05-11,STATEN ISLAND,2,0,0
2023-05-12,BRONX,3,0,0
2023-05-12,BROOKLYN,7,0,0
2023-05-12,MANHATTAN,17,0,0
2023-05-12,QUEENS,3,0,0
2023-05-12,STATEN ISLAND,2,0,0
2023-05-13,BROOKLYN,13,0,0
2023-05-13,MANHATTAN,17,0,0
2023-05-13,QUEENS,8,0,0
2023-05-13,STATEN ISLAND,3,0,0
2023-05-14,BRONX,3,0,0
2023-05-14,BROOKLYN,5,0,0
2023-05-14,MANHATTAN,6,0,0
2023-05-14,QUEENS,11,0,0
2023-05-14,STATEN ISLAND,1,0,0
2023-05-15,BRONX,2,0,0
2023-05-15,BROOKLYN,15,0,0
2023-05-15,MANHATTAN,17,0,0
2023-05-15,QUEENS,11,0,0
2023-05-15,STATEN ISLAND,4,0,0
2023-05-16,BRONX,6,0,0
2023-05-16,BROOKLYN,11,0,0
2023-05-16,MANHATTAN,12,0,0
2023-05-16,QUEENS,11,0,0
2023-05-16,STATEN ISLAND,2,0,0
2023-05-17,BRONX,6,0,0
2023-05-17,BROOKLYN,10,0,0
2023-05-17,MANHATTAN,7,0,0
2023-05-17,QUEENS,11,0,0
2023-05-18,BRONX,3,0,0
2023-05-18,BROOKLYN,10,0,0
2023-05-18,MANHATTAN,12,0,0
2023-05-18,QUEENS,10,0,0
2023-05-19,BRONX,4,0,0
2023-05-19,BROOKLYN,13,0,0
2023-05-19,MANHATTAN,12,0,0
2023-05-19,QUEENS,5,0,0
2023-05-19,STATEN ISLAND,1,0,0
2023-05-20,BRONX,3,0,0
2023-05-20,BROOKLYN,13,0,0
2023-05-20,MANHATTAN,12,0,0
2023-05-20,QUEENS,3,0,0
2023-05-20,STATEN ISLAND,2,0,0
2023-05-21,BROOKLYN,9,0,0
2023-05-21,MANHATTAN,15,0,0
2023-05-21,QUEENS,6,0,0
2023-05-21,STATEN ISLAND,5,0,0
2023-05-22,BRONX,7,0,0
2023-05-22,BROOKLYN,6,0,0
2023-05-22,MANHATTAN,20,0,0
2023-05-22,QUEENS,7,0,0
2023-05-22,STATEN ISLAND,5,0,0
2023-05-23,BRONX,3,0,0
2023-05-23,BROOKLYN,11,0,0
2023-05-23,MANHATTAN,10,0,0
2023-05-23,QUEENS,12,0,0
2023-05-24,BRONX,6,0,0
2023-05-24,BROOKLYN,9,0,0
2023-05-24,MANHATTAN,16,0,0
2023-05-24,QUEENS,11,0,0
2023-05-24,STATEN ISLAND,2,0,0
2023-05-25,BRONX,5,0,0
2023-05-25,BROOKLYN,10,0,0
2023-05-25,MANHATTAN,21,0,0
2023-05-25,QUEENS,6,0,0
2023-05-25,STATEN ISLAND,1,0,0
2023-05-26,BRONX,3,0,0
2023-05-26,BROOKLYN,13,0,0
2023-05-26,MANHATTAN,11,0,0
2023-05-26,QUEENS,13,0,0
2023-05-26,STATEN ISLAND,2,0,0
2023-05-27,BRONX,4,0,0
2023-05-27,BROOKLYN,7,0,0
2023-05-27,MANHATTAN,8,0,0
2023-05-27,QUEENS,6,0,0
2023-05-28,BRONX,4,0,0
2023-05-28,BROOKLYN,2,0,0
2023-05-28,MANHATTAN,13,0,0
2023-05-28,QUEENS,3,0,0
2023-05-28,STATEN ISLAND,2,0,0
2023-05-29,BRONX,3,0,0
2023-05-29,BROOKLYN,8,0,0
2023-05-29,MANHATTAN,5,0,0
2023-05-29,QUEENS,7,0,0
2023-05-30,BRONX,4,0,0
2023-05-30,BROOKLYN,17,0,0
2023-05-30,MANHATTAN,10,0,0
2023-05-30,QUEENS,14,0,0
2023-05-30,STATEN ISLAND,3,0,0
2023-05-31,BRONX,3,0,0
2023-05-31,BROOKLYN,10,0,0
2023-05-31,MANHATTAN,14,0,0
2023-05-31,QUEENS,5,0,0
2023-05-31,STATEN ISLAND,4,0,0
2023-06-01,BRONX,4,0,0
2023-06-01,BROOKLYN,9,0,0
2023-06-01,MANHATTAN,10,0,0
2023-06-01,QUEENS,18,0,0
2023-06-01,STATEN ISLAND,1,0,0
2023-06-02,BRONX,2,0,0
2023-06-02,BROOKLYN,11,0,0
2023-06-02,MANHATTAN,10,0,0
2023-06-02,QUEENS,5,0,0
2023-06-02,STATEN ISLAND,2,0,0
2023-06-03,BRONX,1,0,0
2023-06-03,BROOKLYN,9,0,0
2023-06-03,MANHATTAN,8,0,0
2023-06-03,QUEENS,9,0,0
2023-06-04,BRONX,3,0,0
2023-06-04,BROOKLYN,14,0,0
2023-06-04,MANHATTAN,6,0,0
2023-06-04,QUEENS,10,0,0
2023-06-04,STATEN ISLAND,1,0,0
2023-06-05,BRONX,4,0,0
2023-06-05,BROOKLYN,10,0,0
2023-06-05,MANHATTAN,18,0,0
2023-06-05,QUEENS,9,0,0
2023-06-06,BRONX,2,0,0
2023-06-06,BROOKLYN,16,0,0
2023-06-06,MANHATTAN,15,0,0
2023-06-06,QUEENS,15,0,0
2023-06-06,STATEN ISLAND,1,0,0
2023-06-07,BRONX,1,0,0
2023-06-07,BROOKLYN,13,0,0
2023-06-07,MANHATTAN,13,0,0
2023-06-07,QUEENS,10,0,0
2023-06-08,BRONX,2,0,0
2023-06-08,BROOKLYN,10,0,0
2023-06-08,MANHATTAN,15,0,0
2023-06-08,QUEENS,8,0,0
2023-06-09,BRONX,4,0,0
2023-06-09,BROOKLYN,17,0,0
2023-06-09,MANHATTAN,10,0,0
2023-06-09,QUEENS,12,0,0
2023-06-09,STATEN ISLAND,1,0,0
2023-06-10,BRONX,1,0,0
2023-06-10,BROOKLYN,12,0,0
2023-06-10,MANHATTAN,11,0,0
2023-06-10,QUEENS,9,0,0
2023-06-10,STATEN ISLAND,2,0,0
2023-06-11,BRONX,1,0,0
2023-06-11,BROOKLYN,8,0,0
2023-06-11,MANHATTAN,10,0,0
2023-06-11,QUEENS,10,0,0
2023-06-11,STATEN ISLAND,1,0,0
2023-06-12,BRONX,2,0,0
2023-06-12,BROOKLYN,16,0,0
2023-06-12,MANHATTAN,16,0,0
2023-06-12,QUEENS,5,0,0
2023-06-12,STATEN ISLAND,3,0,0
2023-06-13,BRONX,4,0,0
2023-06-13,BROOKLYN,13,0,0
2023-06-13,MANHATTAN,11,0,0
2023-06-13,QUEENS,13,0,0
2023-06-13,STATEN ISLAND,1,0,0
2023-06-14,BRONX,4,0,0
2023-06-14,BROOKLYN,13,0,0
2023-06-14,MANHATTAN,12,0,0
2023-06-14,QUEENS,10,0,0
2023-06-15,BRONX,1,0,0
2023-06-15,BROOKLYN,8,0,0
2023-06-15,MANHATTAN,22,0,0
2023-06-15,QUEENS,7,0,0
2023-06-16,BRONX,6,0,0
2023-06-16,BROOKLYN,11,0,0
2023-06-16,MANHATTAN,19,0,0
2023-06-16,QUEENS,4,0,0
2023-06-16,STATEN ISLAND,4,0,0
2023-06-17,BROOKLYN,11,0,0
2023-06-17,MANHATTAN,8,0,0
2023-06-17,QUEENS,3,0,0
2023-06-18,BRONX,2,0,0
2023-06-18,BROOKLYN,8,0,0
2023-06-18,MANHATTAN,9,0,0
2023-06-18,QUEENS,12,0,0
2023-06-19,BRONX,1,0,0
2023-06-19,BROOKLYN,5,0,0
2023-06-19,MANHATTAN,17,0,0
2023-06-19,QUEENS,14,0,0
2023-06-20,BRONX,7,0,0
2023-06-20,BROOKLYN,15,0,0
2023-06-20,MANHATTAN,9,0,0
2023-06-20,QUEENS,13,0,0
2023-06-20,STATEN ISLAND,2,0,0
2023-06-21,BRONX,2,0,0
2023-06-21,BROOKLYN,8,0,0
2023-06-21,MANHATTAN,31,0,0
2023-06-21,QUEENS,8,0,0
2023-06-21,STATEN ISLAND,2,0,0
2023-06-22,BRONX,2,0,0
2023-06-22,BROOKLYN,11,0,0
2023-06-22,MANHATTAN,8,0,0
2023-06-22,QUEENS,12,0,0
2023-06-23,BRONX,1,0,0
2023-06-23,BROOKLYN,9,0,0
2023-06-23,MANHATTAN,20,0,0
2023-06-23,QUEENS,10,0,0
2023-06-23,STATEN ISLAND,1,0,0
2023-06-24,BRONX,5,0,0
2023-06-24,BROOKLYN,7,0,0
2023-06-24,MANHATTAN,14,0,0
2023-06-24,QUEENS,8,0,0
2023-06-24,STATEN ISLAND,2,0,0
2023-06-25,BRONX,3,0,0
2023-06-25,BROOKLYN,9,0,0
2023-06-25,MANHATTAN,16,0,0
2023-06-25,QUEENS,10,0,0
2023-06-25,STATEN ISLAND,2,0,0
2023-06-26,BROOKLYN,14,0,0
2023-06-26,MANHATTAN,13,0,0
2023-06-26,QUEENS,15,0,0
2023-06-26,STATEN ISLAND,1,0,0
2023-06-27,BRONX,6,0,0
2023-06-27,BROOKLYN,9,0,0
2023-06-27,MANHATTAN,15,0,0
2023-06-27,QUEENS,14,0,0
2023-06-27,STATEN ISLAND,1,0,0
2023-06-28,BRONX,5,0,0
2023-06-28,BROOKLYN,14,0,0
2023-06-28,MANHATTAN,14,0,0
2023-06-28,QUEENS,10,0,0
2023-06-28,STATEN ISLAND,3,0,0
2023-06-29,BRONX,6,0,0
2023-06-29,BROOKLYN,13,0,0
2023-06-29,MANHATTAN,15,0,0
2023-06-29,QUEENS,7,0,0
2023-06-29,STATEN ISLAND,1,0,0
2023-06-30,BRONX,8,0,0
2023-06-30,BROOKLYN,7,0,0
2023-06-30,MANHATTAN,17,0,0
2023-06-30,QUEENS,15,0,0
2023-07-01,BRONX,2,0,0
2023-07-01,BROOKLYN,17,0,0
2023-07-01,MANHATTAN,13,0,0
2023-07-01,QUEENS,7,0,0
2023-07-02,BRONX,2,0,0
2023-07-02,BROOKLYN,8,0,0
2023-07-02,MANHATTAN,6,0,0
2023-07-02,QUEENS,7,0,0
2023-07-03,BRONX,5,0,0
2023-07-03,BROOKLYN,21,0,0
2023-07-03,MANHATTAN,22,0,0
2023-07-03,QUEENS,7,0,0
2023-07-03,STATEN ISLAND,1,0,0
2023-07-04,BRONX,2,0,0
2023-07-04,BROOKLYN,6,0,0
2023-07-04,MANHATTAN,3,0,0
2023-07-04,QUEENS,9,0,0
2023-07-04,STATEN ISLAND,1,0,0
2023-07-05,BRONX,4,0,0
2023-07-05,BROOKLYN,15,0,0
2023-07-05,MANHATTAN,17,0,0
2023-07-05,QUEENS,14,0,0
2023-07-05,STATEN ISLAND,2,0,0
2023-07-06,BRONX,3,0,0
2023-07-06,BROOKLYN,7,0,0
2023-07-06,MANHATTAN,28,0,0
2023-07-06,QUEENS,7,0,0
2023-07-06,STATEN ISLAND,3,0,0
2023-07-07,BRONX,1,0,0
2023-07-07,BROOKLYN,12,0,0
2023-07-07,MANHATTAN,20,0,0
2023-07-07,QUEENS,4,0,0
2023-07-07,STATEN ISLAND,4,0,0
2023-07-08,BRONX,3,0,0
2023-07-08,BROOKLYN,11,0,0
2023-07-08,MANHATTAN,21,0,0
2023-07-08,QUEENS,9,0,0
2023-07-08,STATEN ISLAND,1,0,0
2023-07-09,BRONX,2,0,0
2023-07-09,BROOKLYN,13,0,0
2023-07-09,MANHATTAN,9,0,0
2023-07-09,QUEENS,19,0,0
2023-07-09,STATEN ISLAND,2,0,0
2023-07-10,BRONX,4,0,0
2023-07-10,BROOKLYN,9,0,0
2023-07-10,MANHATTAN,17,0,0
2023-07-10,QUEENS,11,0,0
2023-07-11,BRONX,4,0,0
2023-07-11,BROOKLYN,11,0,0
2023-07-11,MANHATTAN,8,0,0
2023-07-11,QUEENS,17,0,0
2023-07-11,STATEN ISLAND,2,0,0
2023-07-12,BRONX,5,0,0
2023-07-12,BROOKLYN,14,0,0
2023-07-12,MANHATTAN,20,0,0
2023-07-12,QUEENS,8,0,0
2023-07-13,BRONX,2,0,0
2023-07-13,BROOKLYN,20,0,0
2023-07-13,MANHATTAN,17,0,0
2023-07-13,QUEENS,16,0,0
2023-07-13,STATEN ISLAND,2,0,0
2023-07-14,BRONX,5,0,0
2023-07-14,BROOKLYN,11,0,0
2023-07-14,MANHATTAN,12,0,0
2023-07-14,QUEENS,12,0,0
2023-07-14,STATEN ISLAND,1,0,0
2023-07-15,BRONX,5,0,0
2023-07-15,BROOKLYN,7,0,0
2023-07-15,MANHATTAN,21,0,0
2023-07-15,QUEENS,10,0,0
2023-07-16,BRONX,12,0,0
2023-07-16,BROOKLYN,13,0,0
2023-07-16,MANHATTAN,19,0,0
2023-07-16,QUEENS,6,0,0
2023-07-16,STATEN ISLAND,1,0,0
2023-07-17,BRONX,6,0,0
2023-07-17,BROOKLYN,18,0,0
2023-07-17,MANHATTAN,25,0,0
2023-07-17,QUEENS,7,0,0
2023-07-17,STATEN ISLAND,1,0,0
2023-07-18,BRONX,1,0,0
2023-07-18,BROOKLYN,12,0,0
2023-07-18,MANHATTAN,16,0,0
2023-07-18,QUEENS,12,0,0
2023-07-18,STATEN ISLAND,4,0,0
2023-07-19,BRONX,6,0,0
2023-07-19,BROOKLYN,10,0,0
2023-07-19,MANHATTAN,9,0,0
2023-07-19,QUEENS,9,0,0
2023-07-20,BRONX,2,0,0
2023-07-20,BROOKLYN,13,0,0
2023-07-20,MANHATTAN,25,0,0
2023-07-20,QUEENS,8,0,0
2023-07-20,STATEN ISLAND,3,0,0
2023-07-21,BRONX,6,0,0
2023-07-21,BROOKLYN,9,0,0
2023-07-21,MANHATTAN,10,0,0
2023-07-21,QUEENS,9,0,0
2023-07-21,STATEN ISLAND,3,0,0
2023-07-22,BROOKLYN,9,0,0
2023-07-22,MANHATTAN,13,0,0
2023-07-22,QUEENS,8,0,0
2023-07-22,STATEN ISLAND,2,0,0
2023-07-23,BRONX,4,0,0
2023-07-23,BROOKLYN,13,0,0
2023-07-23,MANHATTAN,10,0,0
2023-07-23,QUEENS,10,0,0
2023-07-23,STATEN ISLAND,1,0,0
2023-07-24,BRONX,5,0,0
2023-07-24,BROOKLYN,12,0,0
2023-07-24,MANHATTAN,30,0,0
2023-07-24,QUEENS,10,0,0
2023-07-24,STATEN ISLAND,1,0,0
2023-07-25,BRONX,4,0,0
2023-07-25,BROOKLYN,16,0,0
2023-07-25,MANHATTAN,16,0,0
2023-07-25,QUEENS,7,0,0
2023-07-25,STATEN ISLAND,1,0,0
2023-07-26,BRONX,7,0,0
2023-07-26,BROOKLYN,14,0,0
2023-07-26,MANHATTAN,19,0,0
2023-07-26,QUEENS,21,0,0
2023-07-26,STATEN ISLAND,4,0,0
2023-07-27,BRONX,7,0,0
2023-07-27,BROOKLYN,13,0,0
2023-07-27,MANHATTAN,11,0,0
2023-07-27,QUEENS,14,0,0
2023-07-27,STATEN ISLAND,1,0,0
2023-07-28,BRONX,4,0,0
2023-07-28,BROOKLYN,14,0,0
2023-07-28,MANHATTAN,17,0,0
2023-07-28,QUEENS,7,0,0
2023-07-28,STATEN ISLAND,1,0,0
2023-07-29,BRONX,4,0,0
2023-07-29,BROOKLYN,9,0,0
2023-07-29,MANHATTAN,11,0,0
2023-07-29,QUEENS,8,0,0
2023-07-30,BRONX,7,0,0
2023-07-30,BROOKLYN,5,0,0
2023-07-30,MANHATTAN,7,0,0
2023-07-30,QUEENS,11,0,0
2023-07-30,STATEN ISLAND,3,0,0
2023-07-31,BROOKLYN,16,0,0
2023-07-31,MANHATTAN,13,0,0
2023-07-31,QUEENS,8,0,0
2023-07-31,STATEN ISLAND,1,0,0
2023-08-01,BRONX,3,0,0
2023-08-01,BROOKLYN,8,0,0
2023-08-01,MANHATTAN,16,0,0
2023-08-01,QUEENS,12,0,0
2023-08-02,BRONX,4,0,0
2023-08-02,BROOKLYN,21,0,0
2023-08-02,MANHATTAN,17,0,0
2023-08-02,QUEENS,10,0,0
2023-08-02,STATEN ISLAND,3,0,0
2023-08-03,BRONX,8,0,0
2023-08-03,BROOKLYN,10,0,0
2023-08-03,MANHATTAN,13,0,0
2023-08-03,QUEENS,13,0,0
2023-08-04,BRONX,2,0,0
2023-08-04,BROOKLYN,11,0,0
2023-08-04,MANHATTAN,14,0,0
2023-08-04,QUEENS,9,0,0
2023-08-04,STATEN ISLAND,2,0,0
2023-08-05,BRONX,5,0,0
2023-08-05,BROOKLYN,12,0,0
2023-08-05,MANHATTAN,14,0,0
2023-08-05,QUEENS,14,0,0
2023-08-06,BRONX,6,0,0
2023-08-06,BROOKLYN,9,0,0
2023-08-06,MANHATTAN,17,0,0
2023-08-06,QUEENS,12,0,0
2023-08-06,STATEN ISLAND,2,0,0
2023-08-07,BRONX,7,0,0
2023-08-07,BROOKLYN,20,0,0
2023-08-07,MANHATTAN,15,0,0
2023-08-07,QUEENS,15,0,0
2023-08-07,STATEN ISLAND,1,0,0
2023-08-08,BRONX,7,0,0
2023-08-08,BROOKLYN,15,0,0
2023-08-08,MANHATTAN,14,0,0
2023-08-08,QUEENS,1,0,0
2023-08-08,STATEN ISLAND,3,0,0
2023-08-09,BRONX,9,0,0
2023-08-09,BROOKLYN,18,0,0
2023-08-09,MANHATTAN,14,0,0
2023-08-09,QUEENS,13,0,0
2023-08-10,BRONX,4,0,0
2023-08-10,BROOKLYN,5,0,0
2023-08-10,MANHATTAN,18,0,0
2023-08-10,QUEENS,17,0,0
2023-08-10,STATEN ISLAND,2,0,0
2023-08-11,BRONX,7,0,0
2023-08-11,BROOKLYN,11,0,0
2023-08-11,MANHATTAN,26,0,0
2023-08-11,QUEENS,8,0,0
2023-08-11,STATEN ISLAND,1,0,0
2023-08-12,BRONX,5,0,0
2023-08-12,BROOKLYN,11,0,0
2023-08-12,MANHATTAN,9,0,0
2023-08-12,QUEENS,19,0,0
2023-08-13,BRONX,6,0,0
2023-08-13,BROOKLYN,8,0,0
2023-08-13,MANHATTAN,16,0,0
2023-08-13,QUEENS,10,0,0
2023-08-14,BRONX,6,0,0
2023-08-14,BROOKLYN,12,0,0
2023-08-14,MANHATTAN,16,0,0
2023-08-14,QUEENS,16,0,0
2023-08-14,STATEN ISLAND,2,0,0
2023-08-15,BRONX,3,0,0
2023-08-15,BROOKLYN,8,0,0
2023-08-15,MANHATTAN,19,0,0
2023-08-15,QUEENS,10,0,0
2023-08-15,STATEN ISLAND,2,0,0
2023-08-16,BRONX,3,0,0
2023-08-16,BROOKLYN,11,0,0
2023-08-16,MANHATTAN,26,0,0
2023-08-16,QUEENS,15,0,0
2023-08-17,BRONX,6,0,0
2023-08-17,BROOKLYN,17,0,0
2023-08-17,MANHATTAN,22,0,0
2023-08-17,QUEENS,10,0,0
2023-08-17,STATEN ISLAND,1,0,0
2023-08-18,BRONX,3,0,0
2023-08-18,BROOKLYN,12,0,0
2023-08-18,MANHATTAN,24,0,0
2023-08-18,QUEENS,12,0,0
2023-08-19,BRONX,3,0,0
2023-08-19,BROOKLYN,12,0,0
2023-08-19,MANHATTAN,10,0,0
2023-08-19,QUEENS,9,0,0
2023-08-19,STATEN ISLAND,1,0,0
2023-08-20,BRONX,3,0,0
2023-08-20,BROOKLYN,10,0,0
2023-08-20,MANHATTAN,15,0,0
2023-08-20,QUEENS,18,0,0
2023-08-21,BRONX,2,0,0
2023-08-21,BROOKLYN,11,0,0
2023-08-21,MANHATTAN,12,0,0
2023-08-21,QUEENS,12,0,0
2023-08-21,STATEN ISLAND,2,0,0
2023-08-22,BRONX,5,0,0
2023-08-22,BROOKLYN,13,0,0
2023-08-22,MANHATTAN,16,0,0
2023-08-22,QUEENS,15,0,0
2023-08-22,STATEN ISLAND,1,0,0
2023-08-23,BRONX,8,0,0
2023-08-23,BROOKLYN,16,0,0
2023-08-23,MANHATTAN,18,0,0
2023-08-23,QUEENS,12,0,0
2023-08-23,STATEN ISLAND,3,0,0
2023-08-24,BRONX,7,0,0
2023-08-24,BROOKLYN,17,0,0
2023-08-24,MANHATTAN,18,0,0
2023-08-24,QUEENS,5,0,0
2023-08-24,STATEN ISLAND,2,0,0
2023-08-25,BRONX,5,0,0
2023-08-25,BROOKLYN,15,0,0
2023-08-25,MANHATTAN,17,0,0
2023-08-25,QUEENS,6,0,0
2023-08-25,STATEN ISLAND,2,0,0
2023-08-26,BRONX,5,0,0
2023-08-26,BROOKLYN,5,0,0
2023-08-26,MANHATTAN,7,0,0
2023-08-26,QUEENS,11,0,0
2023-08-27,BRONX,4,0,0
2023-08-27,BROOKLYN,10,0,0
2023-08-27,MANHATTAN,14,0,0
2023-08-27,QUEENS,8,0,0
2023-08-28,BRONX,3,0,0
2023-08-28,BROOKLYN,14,0,0
2023-08-28,MANHATTAN,18,0,0
2023-08-28,QUEENS,14,0,0
2023-08-28,STATEN ISLAND,2,0,0
2023-08-29,BRONX,4,0,0
2023-08-29,BROOKLYN,17,0,0
2023-08-29,MANHATTAN,14,0,0
2023-08-29,QUEENS,11,0,0
2023-08-30,BRONX,4,0,0
2023-08-30,BROOKLYN,9,0,0
2023-08-30,MANHATTAN,19,0,0
2023-08-30,QUEENS,15,0,0
2023-08-31,BRONX,7,0,0
2023-08-31,BROOKLYN,19,0,0
2023-08-31,MANHATTAN,7,0,0
2023-08-31,QUEENS,16,0,0
2023-08-31,STATEN ISLAND,2,0,0
2023-09-01,BRONX,1,0,0
2023-09-01,BROOKLYN,10,0,0
2023-09-01,MANHATTAN,14,0,0
2023-09-01,QUEENS,9,0,0
2023-09-01,STATEN ISLAND,2,0,0
2023-09-02,BRONX,2,0,0
2023-09-02,BROOKLYN,9,0,0
2023-09-02,MANHATTAN,8,0,0
2023-09-02,QUEENS,6,0,0
2023-09-02,STATEN ISLAND,2,0,0
2023-09-03,BRONX,4,0,0
2023-09-03,BROOKLYN,10,0,0
2023-09-03,MANHATTAN,17,0,0
2023-09-03,QUEENS,5,0,0
2023-09-03,STATEN ISLAND,3,0,0
2023-09-04,BRONX,3,0,0
2023-09-04,BROOKLYN,13,0,0
2023-09-04,MANHATTAN,9,0,0
2023-09-04,QUEENS,7,0,0
2023-09-04,STATEN ISLAND,2,0,0
2023-09-05,BRONX,5,0,0
2023-09-05,BROOKLYN,15,0,0
2023-09-05,MANHATTAN,19,0,0
2023-09-05,QUEENS,13,0,0
2023-09-05,STATEN ISLAND,5,0,0
2023-09-06,BRONX,6,0,0
2023-09-06,BROOKLYN,15,0,0
2023-09-06,MANHATTAN,31,0,0
2023-09-06,QUEENS,11,0,0
2023-09-06,STATEN ISLAND,3,0,0
2023-09-07,BRONX,4,0,0
2023-09-07,BROOKLYN,20,0,0
2023-09-07,MANHATTAN,15,0,0
2023-09-07,QUEENS,11,0,0
2023-09-08,BRONX,2,0,0
2023-09-08,BROOKLYN,12,0,0
2023-09-08,MANHATTAN,27,0,0
2023-09-08,QUEENS,7,0,0
2023-09-08,STATEN ISLAND,4,0,0
2023-09-09,BRONX,4,0,0
2023-09-09,BROOKLYN,15,0,0
2023-09-09,MANHATTAN,16,0,0
2023-09-09,QUEENS,13,0,0
2023-09-09,STATEN ISLAND,1,0,0
2023-09-10,BRONX,2,0,0
2023-09-10,BROOKLYN,9,0,0
2023-09-10,MANHATTAN,14,0,0
2023-09-10,QUEENS,13,0,0
2023-09-11,BRONX,3,0,0
2023-09-11,BROOKLYN,16,0,0
2023-09-11,MANHATTAN,18,0,0
2023-09-11,QUEENS,15,0,0
2023-09-11,STATEN ISLAND,3,0,0
2023-09-12,BRONX,7,0,0
2023-09-12,BROOKLYN,16,0,0
2023-09-12,MANHATTAN,28,0,0
2023-09-12,QUEENS,16,0,0
2023-09-13,BRONX,8,0,0
2023-09-13,BROOKLYN,8,0,0
2023-09-13,MANHATTAN,16,0,0
2023-09-13,QUEENS,9,0,0
2023-09-13,STATEN ISLAND,3,0,0
2023-09-14,BRONX,6,0,0
2023-09-14,BROOKLYN,10,0,0
2023-09-14,MANHATTAN,12,0,0
2023-09-14,QUEENS,18,0,0
2023-09-14,STATEN ISLAND,2,0,0
2023-09-15,BRONX,2,0,0
2023-09-15,BROOKLYN,15,0,0
2023-09-15,MANHATTAN,30,0,0
2023-09-15,QUEENS,6,0,0
2023-09-15,STATEN ISLAND,2,0,0
2023-09-16,BRONX,3,0,0
2023-09-16,BROOKLYN,6,0,0
2023-09-16,MANHATTAN,14,0,0
2023-09-16,QUEENS,3,0,0
2023-09-16,STATEN ISLAND,1,0,0
2023-09-17,BRONX,5,0,0
2023-09-17,BROOKLYN,6,0,0
2023-09-17,MANHATTAN,15,0,0
2023-09-17,QUEENS,8,0,0
2023-09-18,BRONX,4,0,0
2023-09-18,BROOKLYN,17,0,0
2023-09-18,MANHATTAN,11,0,0
2023-09-18,QUEENS,10,0,0
2023-09-18,STATEN ISLAND,1,0,0
2023-09-19,BRONX,6,0,0
2023-09-19,BROOKLYN,16,0,0
2023-09-19,MANHATTAN,19,0,0
2023-09-19,QUEENS,7,0,0
2023-09-19,STATEN ISLAND,2,0,0
2023-09-20,BRONX,3,0,0
2023-09-20,BROOKLYN,12,0,0
2023-09-20,MANHATTAN,20,0,0
2023-09-20,QUEENS,11,0,0
2023-09-20,STATEN ISLAND,1,0,0
2023-09-21,BRONX,7,0,0
2023-09-21,BROOKLYN,17,0,0
2023-09-21,MANHATTAN,17,0,0
2023-09-21,QUEENS,10,0,0
2023-09-22,BRONX,7,0,0
2023-09-22,BROOKLYN,10,0,0
2023-09-22,MANHATTAN,18,0,0
2023-09-22,QUEENS,12,0,0
2023-09-22,STATEN ISLAND,1,0,0
2023-09-23,BRONX,2,0,0
2023-09-23,BROOKLYN,7,0,0
2023-09-23,MANHATTAN,6,0,0
2023-09-23,QUEENS,5,0,0
2023-09-23,STATEN ISLAND,1,0,0
2023-09-24,BRONX,2,0,0
2023-09-24,BROOKLYN,10,0,0
2023-09-24,MANHATTAN,16,0,0
2023-09-24,QUEENS,2,0,0
2023-09-25,BRONX,3,0,0
2023-09-25,BROOKLYN,6,0,0
2023-09-25,MANHATTAN,17,0,0
2023-09-25,QUEENS,8,0,0
2023-09-25,STATEN ISLAND,4,0,0
2023-09-26,BRONX,5,0,0
2023-09-26,BROOKLYN,11,0,0
2023-09-26,MANHATTAN,13,0,0
2023-09-26,QUEENS,11,0,0
2023-09-26,STATEN ISLAND,2,0,0
2023-09-27,BRONX,4,0,0
2023-09-27,BROOKLYN,7,0,0
2023-09-27,MANHATTAN,10,0,0
2023-09-27,QUEENS,11,0,0
2023-09-27,STATEN ISLAND,3,0,0
2023-09-28,BRONX,4,0,0
2023-09-28,BROOKLYN,15,0,0
2023-09-28,MANHATTAN,16,0,0
2023-09-28,QUEENS,11,0,0
2023-09-29,BRONX,69,0,0
2023-09-29,BROOKLYN,88,0,0
2023-09-29,MANHATTAN,70,0,0
2023-09-29,QUEENS,54,0,0
2023-09-29,STATEN ISLAND,8,0,0
2023-09-30,BRONX,25,0,0
2023-09-30,BROOKLYN,42,0,0
2023-09-30,MANHATTAN,26,0,0
2023-09-30,QUEENS,17,0,0
2023-09-30,STATEN ISLAND,3,0,0
2023-10-01,BRONX,27,0,0
2023-10-01,BROOKLYN,40,0,0
2023-10-01,MANHATTAN,32,0,0
2023-10-01,QUEENS,16,0,0
2023-10-01,STATEN ISLAND,3,0,0
2023-10-02,BRONX,71,0,0
2023-10-02,BROOKLYN,92,0,0
2023-10-02,MANHATTAN,66,0,0
2023-10-02,QUEENS,39,0,0
2023-10-02,STATEN ISLAND,7,0,0
2023-10-03,BRONX,66,0,0
2023-10-03,BROOKLYN,84,0,0
2023-10-03,MANHATTAN,55,0,0
2023-10-03,QUEENS,36,0,0
2023-10-03,STATEN ISLAND,7,0,0
2023-10-04,BRONX,61,0,0
2023-10-04,BROOKLYN,87,0,0
2023-10-04,MANHATTAN,63,0,0
2023-10-04,QUEENS,29,0,0
2023-10-04,STATEN ISLAND,5,0,0
2023-10-05,BRONX,66,0,0
2023-10-05,BROOKLYN,54,0,0
2023-10-05,MANHATTAN,56,0,0
2023-10-05,QUEENS,24,0,0
2023-10-05,STATEN ISLAND,4,0,0
2023-10-06,BRONX,12,0,0
2023-10-06,BROOKLYN,17,0,0
2023-10-06,MANHATTAN,21,0,0
2023-10-06,QUEENS,17,0,0
2023-10-07,BRONX,3,0,0
2023-10-07,BROOKLYN,10,0,0
2023-10-07,MANHATTAN,15,0,0
2023-10-07,QUEENS,6,0,0
2023-10-07,STATEN ISLAND,2,0,0
2023-10-08,BRONX,2,0,0
2023-10-08,BROOKLYN,7,0,0
2023-10-08,MANHATTAN,14,0,0
2023-10-08,QUEENS,4,0,0
2023-10-09,BRONX,2,0,0
2023-10-09,BROOKLYN,8,0,0
2023-10-09,MANHATTAN,11,0,0
2023-10-09,QUEENS,15,0,0
2023-10-09,STATEN ISLAND,1,0,0
2023-10-10,BRONX,5,0,0
2023-10-10,BROOKLYN,6,0,0
2023-10-10,MANHATTAN,14,0,0
2023-10-10,QUEENS,11,0,0
2023-10-10,STATEN ISLAND,4,0,0
2023-10-11,BRONX,1,0,0
2023-10-11,BROOKLYN,10,0,0
2023-10-11,MANHATTAN,9,0,0
2023-10-11,QUEENS,10,0,0
2023-10-11,STATEN ISLAND,2,0,0
2023-10-12,BRONX,2,0,0
2023-10-12,BROOKLYN,11,0,0
2023-10-12,MANHATTAN,8,0,0
2023-10-12,QUEENS,11,0,0
2023-10-13,BRONX,5,0,0
2023-10-13,BROOKLYN,9,0,0
2023-10-13,MANHATTAN,10,0,0
2023-10-13,QUEENS,7,0,0
2023-10-13,STATEN ISLAND,1,0,0
2023-10-14,BRONX,2,0,0
2023-10-14,BROOKLYN,6,0,0
2023-10-14,MANHATTAN,12,0,0
2023-10-14,QUEENS,10,0,0
2023-10-14,STATEN ISLAND,2,0,0
2023-10-15,BRONX,6,0,0
2023-10-15,BROOKLYN,1,0,0
2023-10-15,MANHATTAN,13,0,0
2023-10-15,QUEENS,8,0,0
2023-10-16,BRONX,8,0,0
2023-10-16,BROOKLYN,16,0,0
2023-10-16,MANHATTAN,21,0,0
2023-10-16,QUEENS,11,0,0
2023-10-16,STATEN ISLAND,2,0,0
2023-10-17,BRONX,4,0,0
2023-10-17,BROOKLYN,7,0,0
2023-10-17,MANHATTAN,21,0,0
2023-10-17,QUEENS,18,0,0
2023-10-17,STATEN ISLAND,1,0,0
2023-10-18,BRONX,8,0,0
2023-10-18,BROOKLYN,10,0,0
2023-10-18,MANHATTAN,14,0,0
2023-10-18,QUEENS,8,0,0
2023-10-18,STATEN ISLAND,1,0,0
2023-10-19,BRONX,6,0,0
2023-10-19,BROOKLYN,10,0,0
2023-10-19,MANHATTAN,13,0,0
2023-10-19,QUEENS,12,0,0
2023-10-19,STATEN ISLAND,1,0,0
2023-10-20,BRONX,2,0,0
2023-10-20,BROOKLYN,4,0,0
2023-10-20,MANHATTAN,7,0,0
2023-10-20,QUEENS,7,0,0
2023-10-20,STATEN ISLAND,1,0,0
2023-10-21,BRONX,1,0,0
2023-10-21,BROOKLYN,14,0,0
2023-10-21,MANHATTAN,11,0,0
2023-10-21,QUEENS,4,0,0
2023-10-22,BRONX,1,0,0
2023-10-22,BROOKLYN,8,0,0
2023-10-22,MANHATTAN,9,0,0
2023-10-22,QUEENS,6,0,0
2023-10-23,BRONX,5,0,0
2023-10-23,BROOKLYN,6,0,0
2023-10-23,MANHATTAN,14,0,0
2023-10-23,QUEENS,7,0,0
2023-10-23,STATEN ISLAND,1,0,0
2023-10-24,BRONX,3,0,0
2023-10-24,BROOKLYN,16,0,0
2023-10-24,MANHATTAN,15,0,0
2023-10-24,QUEENS,9,0,0
2023-10-24,STATEN ISLAND,3,0,0
2023-10-25,BRONX,2,0,0
2023-10-25,BROOKLYN,8,0,0
2023-10-25,MANHATTAN,15,0,0
2023-10-25,QUEENS,16,0,0
2023-10-26,BRONX,4,0,0
2023-10-26,BROOKLYN,5,0,0
2023-10-26,MANHATTAN,19,0,0
2023-10-26,QUEENS,12,0,0
2023-10-26,STATEN ISLAND,1,0,0
2023-10-27,BROOKLYN,8,0,0
2023-10-27,MANHATTAN,17,0,0
2023-10-27,QUEENS,7,0,0
2023-10-27,STATEN ISLAND,1,0,0
2023-10-28,BRONX,2,0,0
2023-10-28,BROOKLYN,9,0,0
2023-10-28,MANHATTAN,8,0,0
2023-10-28,QUEENS,6,0,0
2023-10-28,STATEN ISLAND,2,0,0
2023-10-29,BRONX,5,0,0
2023-10-29,BROOKLYN,4,0,0
2023-10-29,MANHATTAN,7,0,0
2023-10-29,QUEENS,5,0,0
2023-10-30,BRONX,3,0,0
2023-10-30,BROOKLYN,11,0,0
2023-10-30,MANHATTAN,19,0,0
2023-10-30,QUEENS,15,0,0
2023-10-30,STATEN ISLAND,4,0,0
2023-10-31,BRONX,2,0,0
2023-10-31,BROOKLYN,4,0,0
2023-10-31,MANHATTAN,14,0,0
2023-10-31,QUEENS,8,0,0
2023-10-31,STATEN ISLAND,1,0,0
2023-11-01,BRONX,4,0,0
2023-11-01,BROOKLYN,11,0,0
2023-11-01,MANHATTAN,14,0,0
2023-11-01,QUEENS,6,0,0
2023-11-02,BRONX,3,0,0
2023-11-02,BROOKLYN,9,0,0
2023-11-02,MANHATTAN,13,0,0
2023-11-02,QUEENS,11,0,0
2023-11-02,STATEN ISLAND,1,0,0
2023-11-03,BRONX,2,0,0
2023-11-03,BROOKLYN,13,0,0
2023-11-03,MANHATTAN,11,0,0
2023-11-03,QUEENS,10,0,0
2023-11-03,STATEN ISLAND,1,0,0
2023-11-04,BRONX,2,0,0
2023-11-04,BROOKLYN,12,0,0
2023-11-04,MANHATTAN,17,0,0
2023-11-04,QUEENS,5,0,0
2023-11-05,BRONX,2,0,0
2023-11-05,BROOKLYN,16,0,0
2023-11-05,MANHATTAN,13,0,0
2023-11-05,QUEENS,9,0,0
2023-11-06,BRONX,5,0,0
2023-11-06,BROOKLYN,20,0,0
2023-11-06,MANHATTAN,15,0,0
2023-11-06,QUEENS,10,0,0
2023-11-07,BRONX,1,0,0
2023-11-07,BROOKLYN,11,0,0
2023-11-07,MANHATTAN,14,0,0
2023-11-07,QUEENS,6,0,0
2023-11-08,BRONX,1,0,0
2023-11-08,BROOKLYN,9,0,0
2023-11-08,MANHATTAN,20,0,0
2023-11-08,QUEENS,9,0,0
2023-11-08,STATEN ISLAND,2,0,0
2023-11-09,BRONX,2,0,0
2023-11-09,BROOKLYN,4,0,0
2023-11-09,MANHATTAN,13,0,0
2023-11-09,QUEENS,10,0,0
2023-11-09,STATEN ISLAND,1,0,0
2023-11-10,BRONX,7,0,0
2023-11-10,BROOKLYN,6,0,0
2023-11-10,MANHATTAN,11,0,0
2023-11-10,QUEENS,6,0,0
2023-11-10,STATEN ISLAND,2,0,0
2023-11-11,BRONX,5,0,0
2023-11-11,BROOKLYN,9,0,0
2023-11-11,MANHATTAN,11,0,0
2023-11-11,QUEENS,8,0,0
2023-11-12,BRONX,1,0,0
2023-11-12,BROOKLYN,10,0,0
2023-11-12,MANHATTAN,6,0,0
2023-11-12,QUEENS,6,0,0
2023-11-13,BRONX,3,0,0
2023-11-13,BROOKLYN,13,0,0
2023-11-13,MANHATTAN,17,0,0
2023-11-13,QUEENS,11,0,0
2023-11-13,STATEN ISLAND,5,0,0
2023-11-14,BRONX,4,0,0
2023-11-14,BROOKLYN,8,0,0
2023-11-14,MANHATTAN,12,0,0
2023-11-14,QUEENS,6,0,0
2023-11-14,STATEN ISLAND,1,0,0
2023-11-15,BRONX,1,0,0
2023-11-15,BROOKLYN,14,0,0
2023-11-15,MANHATTAN,12,0,0
2023-11-15,QUEENS,11,0,0
2023-11-15,STATEN ISLAND,2,0,0
2023-11-16,BRONX,4,0,0
2023-11-16,BROOKLYN,8,0,0
2023-11-16,MANHATTAN,17,0,0
2023-11-16,QUEENS,12,0,0
2023-11-16,STATEN ISLAND,1,0,0
2023-11-17,BRONX,5,0,0
2023-11-17,BROOKLYN,12,0,0
2023-11-17,MANHATTAN,7,0,0
2023-11-17,QUEENS,12,0,0
2023-11-18,BROOKLYN,11,0,0
2023-11-18,MANHATTAN,17,0,0
2023-11-18,QUEENS,4,0,0
2023-11-18,STATEN ISLAND,2,0,0
2023-11-19,BRONX,1,0,0
2023-11-19,BROOKLYN,9,0,0
2023-11-19,MANHATTAN,14,0,0
2023-11-19,QUEENS,4,0,0
2023-11-20,BRONX,3,0,0
2023-11-20,BROOKLYN,16,0,0
2023-11-20,MANHATTAN,21,0,0
2023-11-20,QUEENS,11,0,0
2023-11-20,STATEN ISLAND,2,0,0
2023-11-21,BRONX,3,0,0
2023-11-21,BROOKLYN,7,0,0
2023-11-21,MANHATTAN,13,0,0
2023-11-21,QUEENS,11,0,0
2023-11-21,STATEN ISLAND,2,0,0
2023-11-22,BRONX,3,0,0
2023-11-22,BROOKLYN,7,0,0
2023-11-22,MANHATTAN,14,0,0
2023-11-22,QUEENS,7,0,0
2023-11-22,STATEN ISLAND,1,0,0
2023-11-23,BRONX,1,0,0
2023-11-23,BROOKLYN,2,0,0
2023-11-23,MANHATTAN,10,0,0
2023-11-23,QUEENS,5,0,0
2023-11-24,BRONX,4,0,0
2023-11-24,BROOKLYN,10,0,0
2023-11-24,MANHATTAN,7,0,0
2023-11-24,QUEENS,5,0,0
2023-11-24,STATEN ISLAND,1,0,0
2023-11-25,BRONX,1,0,0
2023-11-25,BROOKLYN,3,0,0
2023-11-25,MANHATTAN,8,0,0
2023-11-25,QUEENS,3,0,0
2023-11-25,STATEN ISLAND,1,0,0
2023-11-26,BRONX,4,0,0
2023-11-26,BROOKLYN,11,0,0
2023-11-26,MANHATTAN,8,0,0
2023-11-26,QUEENS,5,0,0
2023-11-26,STATEN ISLAND,1,0,0
2023-11-27,BRONX,4,0,0
2023-11-27,BROOKLYN,6,0,0
2023-11-27,MANHATTAN,6,0,0
2023-11-27,QUEENS,9,0,0
2023-11-28,BRONX,5,0,0
2023-11-28,BROOKLYN,4,0,0
2023-11-28,MANHATTAN,9,0,0
2023-11-28,QUEENS,13,0,0
2023-11-29,BRONX,5,0,0
2023-11-29,BROOKLYN,13,0,0
2023-11-29,MANHATTAN,9,0,0
2023-11-29,QUEENS,9,0,0
2023-11-30,BRONX,3,0,0
2023-11-30,BROOKLYN,8,0,0
2023-11-30,MANHATTAN,10,0,0
2023-11-30,QUEENS,10,0,0
2023-12-01,BRONX,1,0,0
2023-12-01,BROOKLYN,28,0,0
2023-12-01,MANHATTAN,11,0,0
2023-12-01,QUEENS,10,0,0
2023-12-02,BRONX,3,0,0
2023-12-02,BROOKLYN,12,0,0
2023-12-02,MANHATTAN,17,0,0
2023-12-02,QUEENS,13,0,0
2023-12-02,STATEN ISLAND,6,0,0
2023-12-03,BRONX,2,0,0
2023-12-03,BROOKLYN,4,0,0
2023-12-03,MANHATTAN,13,0,0
2023-12-03,QUEENS,3,0,0
2023-12-03,STATEN ISLAND,1,0,0
2023-12-04,BRONX,4,0,0
2023-12-04,BROOKLYN,8,0,0
2023-12-04,MANHATTAN,14,0,0
2023-12-04,QUEENS,12,0,0
2023-12-04,STATEN ISLAND,3,0,0
2023-12-05,BRONX,1,0,0
2023-12-05,BROOKLYN,13,0,0
2023-12-05,MANHATTAN,11,0,0
2023-12-05,QUEENS,10,0,0
2023-12-05,STATEN ISLAND,2,0,0
2023-12-06,BRONX,6,0,0
2023-12-06,BROOKLYN,14,0,0
2023-12-06,MANHATTAN,10,0,0
2023-12-06,QUEENS,8,0,0
2023-12-06,STATEN ISLAND,3,0,0
2023-12-07,BRONX,3,0,0
2023-12-07,BROOKLYN,5,0,0
2023-12-07,MANHATTAN,11,0,0
2023-12-07,QUEENS,5,0,0
2023-12-08,BRONX,2,0,0
2023-12-08,BROOKLYN,12,0,0
2023-12-08,MANHATTAN,13,0,0
2023-12-08,QUEENS,9,0,0
2023-12-09,BRONX,2,0,0
2023-12-09,BROOKLYN,9,0,0
2023-12-09,MANHATTAN,10,0,0
2023-12-09,QUEENS,2,0,0
2023-12-09,STATEN ISLAND,2,0,0
2023-12-10,BRONX,2,0,0
2023-12-10,BROOKLYN,9,0,0
2023-12-10,MANHATTAN,21,0,0
2023-12-10,QUEENS,4,0,0
2023-12-11,BRONX,2,0,0
2023-12-11,BROOKLYN,10,0,0
2023-12-11,MANHATTAN,16,0,0
2023-12-11,QUEENS,11,0,0
2023-12-11,STATEN ISLAND,1,0,0
2023-12-12,BRONX,5,0,0
2023-12-12,BROOKLYN,5,0,0
2023-12-12,MANHATTAN,17,0,0
2023-12-12,QUEENS,11,0,0
2023-12-12,STATEN ISLAND,1,0,0
2023-12-13,BROOKLYN,17,0,0
2023-12-13,MANHATTAN,16,0,0
2023-12-13,QUEENS,10,0,0
2023-12-13,STATEN ISLAND,1,0,0
2023-12-14,BRONX,4,0,0
2023-12-14,BROOKLYN,15,0,0
2023-12-14,MANHATTAN,11,0,0
2023-12-14,QUEENS,5,0,0
2023-12-14,STATEN ISLAND,1,0,0
2023-12-15,BRONX,2,0,0
2023-12-15,BROOKLYN,11,0,0
2023-12-15,MANHATTAN,17,0,0
2023-12-15,QUEENS,7,0,0
2023-12-15,STATEN ISLAND,4,0,0
2023-12-16,BRONX,4,0,0
2023-12-16,BROOKLYN,8,0,0
2023-12-16,MANHATTAN,17,0,0
2023-12-16,QUEENS,6,0,0
2023-12-16,STATEN ISLAND,1,0,0
2023-12-17,BRONX,1,0,0
2023-12-17,BROOKLYN,8,0,0
2023-12-17,MANHATTAN,7,0,0
2023-12-17,QUEENS,6,0,0
2023-12-17,STATEN ISLAND,1,0,0
2023-12-18,BRONX,1,0,0
2023-12-18,BROOKLYN,8,0,0
2023-12-18,MANHATTAN,18,0,0
2023-12-18,QUEENS,10,0,0
2023-12-18,STATEN ISLAND,3,0,0
2023-12-19,BRONX,4,0,0
2023-12-19,BROOKLYN,15,0,0
2023-12-19,MANHATTAN,13,0,0
2023-12-19,QUEENS,10,0,0
2023-12-19,STATEN ISLAND,2,0,0
2023-12-20,BRONX,3,0,0
2023-12-20,BROOKLYN,13,0,0
2023-12-20,MANHATTAN,7,0,0
2023-12-20,QUEENS,9,0,0
2023-12-21,BRONX,1,0,0
2023-12-21,BROOKLYN,6,0,0
2023-12-21,MANHATTAN,8,0,0
2023-12-21,QUEENS,7,0,0
2023-12-22,BRONX,1,0,0
2023-12-22,BROOKLYN,13,0,0
2023-12-22,MANHATTAN,7,0,0
2023-12-22,QUEENS,7,0,0
2023-12-22,STATEN ISLAND,2,0,0
2023-12-23,BRONX,2,0,0
2023-12-23,BROOKLYN,12,0,0
2023-12-23,MANHATTAN,6,0,0
2023-12-23,QUEENS,6,0,0
2023-12-24,BRONX,2,0,0
2023-12-24,BROOKLYN,5,0,0
2023-12-24,MANHATTAN,6,0,0
2023-12-24,QUEENS,8,0,0
2023-12-25,BRONX,1,0,0
2023-12-25,BROOKLYN,4,0,0
2023-12-25,MANHATTAN,9,0,0
2023-12-25,QUEENS,2,0,0
2023-12-26,BRONX,4,0,0
2023-12-26,BROOKLYN,8,0,0
2023-12-26,MANHATTAN,12,0,0
2023-12-26,QUEENS,4,0,0
2023-12-26,STATEN ISLAND,4,0,0
2023-12-27,BRONX,2,0,0
2023-12-27,BROOKLYN,8,0,0
2023-12-27,MANHATTAN,13,0,0
2023-12-27,QUEENS,5,0,0
2023-12-27,STATEN ISLAND,3,0,0
2023-12-28,BROOKLYN,13,0,0
2023-12-28,MANHATTAN,12,0,0
2023-12-28,QUEENS,15,0,0
2023-12-28,STATEN ISLAND,1,0,0
2023-12-29,BRONX,1,0,0
2023-12-29,BROOKLYN,7,0,0
2023-12-29,MANHATTAN,14,0,0
2023-12-29,QUEENS,9,0,0
2023-12-30,BROOKLYN,7,0,0
2023-12-30,MANHATTAN,19,0,0
2023-12-30,QUEENS,8,0,0
2023-12-31,BRONX,2,0,0
2023-12-31,BROOKLYN,10,0,0
2023-12-31,MANHATTAN,11,0,0
2023-12-31,QUEENS,4,0,0
2023-12-31,STATEN ISLAND,2,0,0
2024-01-01,BRONX,1,0,0
2024-01-01,BROOKLYN,7,0,0
2024-01-01,MANHATTAN,16,0,0
2024-01-01,QUEENS,4,0,0
2024-01-01,STATEN ISLAND,4,0,0
2024-01-02,BRONX,5,0,0
2024-01-02,BROOKLYN,10,0,0
2024-01-02,MANHATTAN,10,0,0
2024-01-02,QUEENS,11,0,0
2024-01-02,STATEN ISLAND,4,0,0
2024-01-03,BRONX,3,0,0
2024-01-03,BROOKLYN,7,0,0
2024-01-03,MANHATTAN,15,0,0
2024-01-03,QUEENS,10,0,0
2024-01-04,BRONX,3,0,0
2024-01-04,BROOKLYN,6,0,0
2024-01-04,MANHATTAN,23,0,0
2024-01-04,QUEENS,10,0,0
2024-01-05,BRONX,6,0,0
2024-01-05,BROOKLYN,5,0,0
2024-01-05,MANHATTAN,7,0,0
2024-01-05,QUEENS,9,0,0
2024-01-05,STATEN ISLAND,1,0,0
2024-01-06,BRONX,2,0,0
2024-01-06,BROOKLYN,18,0,0
2024-01-06,MANHATTAN,13,0,0
2024-01-06,QUEENS,14,0,0
2024-01-07,BRONX,3,0,0
2024-01-07,BROOKLYN,9,0,0
2024-01-07,MANHATTAN,12,0,0
2024-01-07,QUEENS,5,0,0
2024-01-07,STATEN ISLAND,2,0,0
2024-01-08,BRONX,3,0,0
2024-01-08,BROOKLYN,8,0,0
2024-01-08,MANHATTAN,16,0,0
2024-01-08,QUEENS,10,0,0
2024-01-08,STATEN ISLAND,3,0,0
2024-01-09,BRONX,5,0,0
2024-01-09,BROOKLYN,8,0,0
2024-01-09,MANHATTAN,11,0,0
2024-01-09,QUEENS,9,0,0
2024-01-09,STATEN ISLAND,4,0,0
2024-01-10,BROOKLYN,10,0,0
2024-01-10,MANHATTAN,17,0,0
2024-01-10,QUEENS,6,0,0
2024-01-10,STATEN ISLAND,2,0,0
2024-01-11,BRONX,2,0,0
2024-01-11,BROOKLYN,14,0,0
2024-01-11,MANHATTAN,22,0,0
2024-01-11,QUEENS,7,0,0
2024-01-12,BRONX,3,0,0
2024-01-12,BROOKLYN,7,0,0
2024-01-12,MANHATTAN,19,0,0
2024-01-12,QUEENS,7,0,0
2024-01-12,STATEN ISLAND,3,0,0
2024-01-13,BRONX,3,0,0
2024-01-13,BROOKLYN,10,0,0
2024-01-13,MANHATTAN,13,0,0
2024-01-13,QUEENS,12,0,0
2024-01-14,BRONX,2,0,0
2024-01-14,BROOKLYN,11,0,0
2024-01-14,MANHATTAN,12,0,0
2024-01-14,QUEENS,9,0,0
2024-01-14,STATEN ISLAND,1,0,0
2024-01-15,BRONX,3,0,0
2024-01-15,BROOKLYN,11,0,0
2024-01-15,MANHATTAN,20,0,0
2024-01-15,QUEENS,11,0,0
2024-01-15,STATEN ISLAND,4,0,0
2024-01-16,BRONX,2,0,0
2024-01-16,BROOKLYN,7,0,0
2024-01-16,MANHATTAN,13,0,0
2024-01-16,QUEENS,11,0,0
2024-01-16,STATEN ISLAND,1,0,0
2024-01-17,BRONX,2,0,0
2024-01-17,BROOKLYN,11,0,0
2024-01-17,MANHATTAN,19,0,0
2024-01-17,QUEENS,13,0,0
2024-01-18,BRONX,2,0,0
2024-01-18,BROOKLYN,9,0,0
2024-01-18,MANHATTAN,9,0,0
2024-01-18,QUEENS,13,0,0
2024-01-18,STATEN ISLAND,3,0,0
2024-01-19,BRONX,7,0,0
2024-01-19,BROOKLYN,12,0,0
2024-01-19,MANHATTAN,14,0,0
2024-01-19,QUEENS,5,0,0
2024-01-19,STATEN ISLAND,1,0,0
2024-01-20,BRONX,3,0,0
2024-01-20,BROOKLYN,8,0,0
2024-01-20,MANHATTAN,4,0,0
2024-01-20,QUEENS,6,0,0
2024-01-20,STATEN ISLAND,1,0,0
2024-01-21,BRONX,1,0,0
2024-01-21,BROOKLYN,11,0,0
2024-01-21,MANHATTAN,9,0,0
2024-01-21,QUEENS,6,0,0
2024-01-22,BRONX,1,0,0
2024-01-22,BROOKLYN,10,0,0
2024-01-22,MANHATTAN,8,0,0
2024-01-22,QUEENS,7,0,0
2024-01-22,STATEN ISLAND,1,0,0
2024-01-23,BRONX,2,0,0
2024-01-23,BROOKLYN,11,0,0
2024-01-23,MANHATTAN,14,0,0
2024-01-23,QUEENS,11,0,0
2024-01-23,STATEN ISLAND,2,0,0
2024-01-24,BRONX,2,0,0
2024-01-24,BROOKLYN,17,0,0
2024-01-24,MANHATTAN,15,0,0
2024-01-24,QUEENS,6,0,0
2024-01-24,STATEN ISLAND,1,0,0
2024-01-25,BRONX,4,0,0
2024-01-25,BROOKLYN,5,0,0
2024-01-25,MANHATTAN,13,0,0
2024-01-25,QUEENS,9,0,0
2024-01-25,STATEN ISLAND,3,0,0
2024-01-26,BRONX,3,0,0
2024-01-26,BROOKLYN,11,0,0
2024-01-26,MANHATTAN,12,0,0
2024-01-26,QUEENS,12,0,0
2024-01-26,STATEN ISLAND,1,0,0
2024-01-27,BRONX,4,0,0
2024-01-27,BROOKLYN,13,0,0
2024-01-27,MANHATTAN,18,0,0
2024-01-27,QUEENS,8,0,0
2024-01-27,STATEN ISLAND,2,0,0
2024-01-28,BRONX,4,0,0
2024-01-28,BROOKLYN,9,0,0
2024-01-28,MANHATTAN,10,0,0
2024-01-28,QUEENS,8,0,0
2024-01-28,STATEN ISLAND,1,0,0
2024-01-29,BRONX,4,0,0
2024-01-29,BROOKLYN,16,0,0
2024-01-29,MANHATTAN,26,0,0
2024-01-29,QUEENS,8,0,0
2024-01-29,STATEN ISLAND,1,0,0
2024-01-30,BRONX,4,0,0
2024-01-30,BROOKLYN,9,0,0
2024-01-30,MANHATTAN,20,0,0
2024-01-30,QUEENS,6,0,0
2024-01-30,STATEN ISLAND,1,0,0
2024-01-31,BRONX,5,0,0
2024-01-31,BROOKLYN,8,0,0
2024-01-31,MANHATTAN,24,0,0
2024-01-31,QUEENS,4,0,0
2024-02-01,BRONX,8,0,0
2024-02-01,BROOKLYN,9,0,0
2024-02-01,MANHATTAN,8,0,0
2024-02-01,QUEENS,8,0,0
2024-02-02,BRONX,3,0,0
2024-02-02,BROOKLYN,12,0,0
2024-02-02,MANHATTAN,11,0,0
2024-02-02,QUEENS,7,0,0
2024-02-03,BRONX,3,0,0
2024-02-03,BROOKLYN,9,0,0
2024-02-03,MANHATTAN,14,0,0
2024-02-03,QUEENS,7,0,0
2024-02-03,STATEN ISLAND,2,0,0
2024-02-04,BRONX,4,0,0
2024-02-04,BROOKLYN,12,0,0
2024-02-04,MANHATTAN,11,0,0
2024-02-04,QUEENS,4,0,0
2024-02-05,BRONX,3,0,0
2024-02-05,BROOKLYN,5,0,0
2024-02-05,MANHATTAN,24,0,0
2024-02-05,QUEENS,14,0,0
2024-02-05,STATEN ISLAND,1,0,0
2024-02-06,BRONX,2,0,0
2024-02-06,BROOKLYN,8,0,0
2024-02-06,MANHATTAN,16,0,0
2024-02-06,QUEENS,9,0,0
2024-02-06,STATEN ISLAND,3,0,0
2024-02-07,BRONX,2,0,0
2024-02-07,BROOKLYN,15,0,0
2024-02-07,MANHATTAN,12,0,0
2024-02-07,QUEENS,7,0,0
2024-02-07,STATEN ISLAND,3,0,0
2024-02-08,BRONX,3,0,0
2024-02-08,BROOKLYN,6,0,0
2024-02-08,MANHATTAN,17,0,0
2024-02-08,QUEENS,14,0,0
2024-02-09,BRONX,5,0,0
2024-02-09,BROOKLYN,18,0,0
2024-02-09,MANHATTAN,9,0,0
2024-02-09,QUEENS,6,0,0
2024-02-10,BRONX,4,0,0
2024-02-10,BROOKLYN,3,0,0
2024-02-10,MANHATTAN,2,0,0
2024-02-10,QUEENS,5,0,0
2024-02-11,BRONX,4,0,0
2024-02-11,BROOKLYN,10,0,0
2024-02-11,MANHATTAN,9,0,0
2024-02-11,QUEENS,6,0,0
2024-02-11,STATEN ISLAND,4,0,0
2024-02-12,BRONX,4,0,0
2024-02-12,BROOKLYN,11,0,0
2024-02-12,MANHATTAN,10,0,0
2024-02-12,QUEENS,4,0,0
2024-02-12,STATEN ISLAND,4,0,0
2024-02-13,BRONX,2,0,0
2024-02-13,BROOKLYN,14,0,0
2024-02-13,MANHATTAN,8,0,0
2024-02-13,QUEENS,6,0,0
2024-02-14,BRONX,4,0,0
2024-02-14,BROOKLYN,15,0,0
2024-02-14,MANHATTAN,13,0,0
2024-02-14,QUEENS,7,0,0
2024-02-14,STATEN ISLAND,1,0,0
2024-02-15,BRONX,3,0,0
2024-02-15,BROOKLYN,10,0,0
2024-02-15,MANHATTAN,15,0,0
2024-02-15,QUEENS,7,0,0
2024-02-16,BRONX,2,0,0
2024-02-16,BROOKLYN,8,0,0
2024-02-16,MANHATTAN,16,0,0
2024-02-16,QUEENS,6,0,0
2024-02-17,BROOKLYN,12,0,0
2024-02-17,MANHATTAN,7,0,0
2024-02-17,QUEENS,10,0,0
2024-02-18,BRONX,2,0,0
2024-02-18,BROOKLYN,18,0,0
2024-02-18,MANHATTAN,12,0,0
2024-02-18,QUEENS,3,0,0
2024-02-19,BRONX,4,0,0
2024-02-19,BROOKLYN,24,0,0
2024-02-19,MANHATTAN,16,0,0
2024-02-19,QUEENS,8,0,0
2024-02-19,STATEN ISLAND,2,0,0
2024-02-20,BRONX,5,0,0
2024-02-20,BROOKLYN,8,0,0
2024-02-20,MANHATTAN,13,0,0
2024-02-20,QUEENS,15,0,0
2024-02-20,STATEN ISLAND,2,0,0
2024-02-21,BRONX,5,0,0
2024-02-21,BROOKLYN,8,0,0
2024-02-21,MANHATTAN,11,0,0
2024-02-21,QUEENS,11,0,0
2024-02-21,STATEN ISLAND,3,0,0
2024-02-22,BRONX,2,0,0
2024-02-22,BROOKLYN,7,0,0
2024-02-22,MANHATTAN,10,0,0
2024-02-22,QUEENS,9,0,0
2024-02-22,STATEN ISLAND,1,0,0
2024-02-23,BRONX,2,0,0
2024-02-23,BROOKLYN,9,0,0
2024-02-23,MANHATTAN,14,0,0
2024-02-23,QUEENS,10,0,0
2024-02-24,BRONX,6,0,0
2024-02-24,BROOKLYN,7,0,0
2024-02-24,MANHATTAN,10,0,0
2024-02-24,QUEENS,6,0,0
2024-02-25,BRONX,1,0,0
2024-02-25,BROOKLYN,8,0,0
2024-02-25,MANHATTAN,17,0,0
2024-02-25,QUEENS,5,0,0
2024-02-26,BRONX,7,0,0
2024-02-26,BROOKLYN,7,0,0
2024-02-26,MANHATTAN,12,0,0
2024-02-26,QUEENS,4,0,0
2024-02-27,BRONX,6,0,0
2024-02-27,BROOKLYN,12,0,0
2024-02-27,MANHATTAN,13,0,0
2024-02-27,QUEENS,6,0,0
2024-02-27,STATEN ISLAND,1,0,0
2024-02-28,BRONX,5,0,0
2024-02-28,BROOKLYN,15,0,0
2024-02-28,MANHATTAN,15,0,0
2024-02-28,QUEENS,4,0,0
2024-02-28,STATEN ISLAND,1,0,0
2024-02-29,BRONX,2,0,0
2024-02-29,BROOKLYN,5,0,0
2024-02-29,MANHATTAN,17,0,0
2024-02-29,QUEENS,11,0,0
2024-03-01,BRONX,3,0,0
2024-03-01,BROOKLYN,9,0,0
2024-03-01,MANHATTAN,24,0,0
2024-03-01,QUEENS,6,0,0
2024-03-02,BROOKLYN,12,0,0
2024-03-02,MANHATTAN,14,0,0
2024-03-02,QUEENS,5,0,0
2024-03-02,STATEN ISLAND,3,0,0
2024-03-03,BRONX,2,0,0
2024-03-03,BROOKLYN,10,0,0
2024-03-03,MANHATTAN,11,0,0
2024-03-03,QUEENS,11,0,0
2024-03-03,STATEN ISLAND,1,0,0
2024-03-04,BRONX,2,0,0
2024-03-04,BROOKLYN,12,0,0
2024-03-04,MANHATTAN,12,0,0
2024-03-04,QUEENS,7,0,0
2024-03-05,BRONX,5,0,0
2024-03-05,BROOKLYN,7,0,0
2024-03-05,MANHATTAN,20,0,0
2024-03-05,QUEENS,5,0,0
2024-03-05,STATEN ISLAND,1,0,0
2024-03-06,BRONX,3,0,0
2024-03-06,BROOKLYN,13,0,0
2024-03-06,MANHATTAN,15,0,0
2024-03-06,QUEENS,4,0,0
2024-03-06,STATEN ISLAND,2,0,0
2024-03-07,BRONX,3,0,0
2024-03-07,BROOKLYN,13,0,0
2024-03-07,MANHATTAN,20,0,0
2024-03-07,QUEENS,5,0,0
2024-03-08,BRONX,4,0,0
2024-03-08,BROOKLYN,10,0,0
2024-03-08,MANHATTAN,16,0,0
2024-03-08,QUEENS,8,0,0
2024-03-08,STATEN ISLAND,2,0,0
2024-03-09,BRONX,1,0,0
2024-03-09,BROOKLYN,4,0,0
2024-03-09,MANHATTAN,15,0,0
2024-03-09,QUEENS,5,0,0
2024-03-10,BRONX,6,0,0
2024-03-10,BROOKLYN,16,0,0
2024-03-10,MANHATTAN,15,0,0
2024-03-10,QUEENS,5,0,0
2024-03-11,BRONX,7,0,0
2024-03-11,BROOKLYN,14,0,0
2024-03-11,MANHATTAN,9,0,0
2024-03-11,QUEENS,8,0,0
2024-03-12,BRONX,5,0,0
2024-03-12,BROOKLYN,13,0,0
2024-03-12,MANHATTAN,9,0,0
2024-03-12,QUEENS,13,0,0
2024-03-13,BRONX,3,0,0
2024-03-13,BROOKLYN,8,0,0
2024-03-13,MANHATTAN,27,0,0
2024-03-13,QUEENS,16,0,0
2024-03-13,STATEN ISLAND,2,0,0
2024-03-14,BRONX,5,0,0
2024-03-14,BROOKLYN,12,0,0
2024-03-14,MANHATTAN,18,0,0
2024-03-14,QUEENS,11,0,0
2024-03-15,BRONX,3,0,0
2024-03-15,BROOKLYN,11,0,0
2024-03-15,MANHATTAN,19,0,0
2024-03-15,QUEENS,6,0,0
2024-03-16,BRONX,2,0,0
2024-03-16,BROOKLYN,16,0,0
2024-03-16,MANHATTAN,21,0,0
2024-03-16,QUEENS,2,0,0
2024-03-16,STATEN ISLAND,1,0,0
2024-03-17,BRONX,3,0,0
2024-03-17,BROOKLYN,5,0,0
2024-03-17,MANHATTAN,12,0,0
2024-03-17,QUEENS,8,0,0
2024-03-17,STATEN ISLAND,3,0,0
2024-03-18,BRONX,1,0,0
2024-03-18,BROOKLYN,8,0,0
2024-03-18,MANHATTAN,16,0,0
2024-03-18,QUEENS,6,0,0
2024-03-18,STATEN ISLAND,2,0,0
2024-03-19,BRONX,2,0,0
2024-03-19,BROOKLYN,11,0,0
2024-03-19,MANHATTAN,17,0,0
2024-03-19,QUEENS,18,0,0
2024-03-19,STATEN ISLAND,3,0,0
2024-03-20,BRONX,4,0,0
2024-03-20,BROOKLYN,9,0,0
2024-03-20,MANHATTAN,15,0,0
2024-03-20,QUEENS,8,0,0
2024-03-21,BRONX,3,0,0
2024-03-21,BROOKLYN,8,0,0
2024-03-21,MANHATTAN,13,0,0
2024-03-21,QUEENS,8,0,0
2024-03-21,STATEN ISLAND,1,0,0
2024-03-22,BRONX,1,0,0
2024-03-22,BROOKLYN,12,0,0
2024-03-22,MANHATTAN,20,0,0
2024-03-22,QUEENS,9,0,0
2024-03-23,BRONX,3,0,0
2024-03-23,BROOKLYN,7,0,0
2024-03-23,MANHATTAN,12,0,0
2024-03-23,QUEENS,5,0,0
2024-03-23,STATEN ISLAND,1,0,0
2024-03-24,BRONX,2,0,0
2024-03-24,BROOKLYN,14,0,0
2024-03-24,MANHATTAN,12,0,0
2024-03-24,QUEENS,11,0,0
2024-03-24,STATEN ISLAND,2,0,0
2024-03-25,BRONX,3,0,0
2024-03-25,BROOKLYN,15,0,0
2024-03-25,MANHATTAN,18,0,0
2024-03-25,QUEENS,11,0,0
2024-03-25,STATEN ISLAND,2,0,0
2024-03-26,BRONX,2,0,0
2024-03-26,BROOKLYN,10,0,0
2024-03-26,MANHATTAN,13,0,0
2024-03-26,QUEENS,9,0,0
2024-03-27,BRONX,6,0,0
2024-03-27,BROOKLYN,10,0,0
2024-03-27,MANHATTAN,16,0,0
2024-03-27,QUEENS,7,0,0
2024-03-28,BRONX,1,0,0
2024-03-28,BROOKLYN,8,0,0
2024-03-28,MANHATTAN,19,0,0
2024-03-28,QUEENS,10,0,0
2024-03-28,STATEN ISLAND,6,0,0
2024-03-29,BRONX,3,0,0
2024-03-29,BROOKLYN,8,0,0
2024-03-29,MANHATTAN,18,0,0
2024-03-29,QUEENS,10,0,0
2024-03-29,STATEN ISLAND,3,0,0
2024-03-30,BRONX,3,0,0
2024-03-30,BROOKLYN,8,0,0
2024-03-30,MANHATTAN,16,0,0
2024-03-30,QUEENS,10,0,0
2024-03-30,STATEN ISLAND,1,0,0
2024-03-31,BRONX,2,0,0
2024-03-31,BROOKLYN,7,0,0
2024-03-31,MANHATTAN,15,0,0
2024-03-31,QUEENS,8,0,0
2024-03-31,STATEN ISLAND,2,0,0
2024-04-01,BROOKLYN,5,0,0
2024-04-01,MANHATTAN,21,0,0
2024-04-01,QUEENS,11,0,0
2024-04-01,STATEN ISLAND,1,0,0
2024-04-02,BROOKLYN,7,0,0
2024-04-02,MANHATTAN,22,0,0
2024-04-02,QUEENS,11,0,0
2024-04-02,STATEN ISLAND,1,0,0
2024-04-03,BRONX,2,0,0
2024-04-03,BROOKLYN,15,0,0
2024-04-03,MANHATTAN,16,0,0
2024-04-03,QUEENS,13,0,0
2024-04-03,STATEN ISLAND,1,0,0
2024-04-04,BRONX,5,0,0
2024-04-04,BROOKLYN,22,0,0
2024-04-04,MANHATTAN,24,0,0
2024-04-04,QUEENS,10,0,0
2024-04-04,STATEN ISLAND,1,0,0
2024-04-05,BRONX,1,0,0
2024-04-05,BROOKLYN,9,0,0
2024-04-05,MANHATTAN,19,0,0
2024-04-05,QUEENS,3,0,0
2024-04-05,STATEN ISLAND,3,0,0
2024-04-06,BRONX,1,0,0
2024-04-06,BROOKLYN,8,0,0
2024-04-06,MANHATTAN,10,0,0
2024-04-06,QUEENS,8,0,0
2024-04-06,STATEN ISLAND,1,0,0
2024-04-07,BRONX,1,0,0
2024-04-07,BROOKLYN,12,0,0
2024-04-07,MANHATTAN,16,0,0
2024-04-07,QUEENS,6,0,0
2024-04-08,BRONX,3,0,0
2024-04-08,BROOKLYN,17,0,0
2024-04-08,MANHATTAN,15,0,0
2024-04-08,QUEENS,10,0,0
2024-04-08,STATEN ISLAND,1,0,0
2024-04-09,BRONX,3,0,0
2024-04-09,BROOKLYN,13,0,0
2024-04-09,MANHATTAN,19,0,0
2024-04-09,QUEENS,11,0,0
2024-04-09,STATEN ISLAND,3,0,0
2024-04-10,BRONX,1,0,0
2024-04-10,BROOKLYN,12,0,0
2024-04-10,MANHATTAN,15,0,0
2024-04-10,QUEENS,11,0,0
2024-04-10,STATEN ISLAND,1,0,0
2024-04-11,BROOKLYN,12,0,0
2024-04-11,MANHATTAN,16,0,0
2024-04-11,QUEENS,9,0,0
2024-04-12,BRONX,2,0,0
2024-04-12,BROOKLYN,9,0,0
2024-04-12,MANHATTAN,20,0,0
2024-04-12,QUEENS,5,0,0
2024-04-12,STATEN ISLAND,2,0,0
2024-04-13,BRONX,5,0,0
2024-04-13,BROOKLYN,13,0,0
2024-04-13,MANHATTAN,9,0,0
2024-04-13,QUEENS,9,0,0
2024-04-13,STATEN ISLAND,1,0,0
2024-04-14,BRONX,2,0,0
2024-04-14,BROOKLYN,13,0,0
2024-04-14,MANHATTAN,12,0,0
2024-04-14,QUEENS,8,0,0
2024-04-15,BRONX,3,0,0
2024-04-15,BROOKLYN,13,0,0
2024-04-15,MANHATTAN,26,0,0
2024-04-15,QUEENS,8,0,0
2024-04-15,STATEN ISLAND,1,0,0
2024-04-16,BRONX,8,0,0
2024-04-16,BROOKLYN,20,0,0
2024-04-16,MANHATTAN,23,0,0
2024-04-16,QUEENS,14,0,0
2024-04-16,STATEN ISLAND,1,0,0
2024-04-17,BRONX,5,0,0
2024-04-17,BROOKLYN,11,0,0
2024-04-17,MANHATTAN,22,0,0
2024-04-17,QUEENS,9,0,0
2024-04-17,STATEN ISLAND,1,0,0
2024-04-18,BRONX,4,0,0
2024-04-18,BROOKLYN,11,0,0
2024-04-18,MANHATTAN,13,0,0
2024-04-18,QUEENS,13,0,0
2024-04-18,STATEN ISLAND,1,0,0
2024-04-19,BRONX,6,0,0
2024-04-19,BROOKLYN,8,0,0
2024-04-19,MANHATTAN,20,0,0
2024-04-19,QUEENS,10,0,0
2024-04-20,BRONX,2,0,0
2024-04-20,BROOKLYN,12,0,0
2024-04-20,MANHATTAN,24,0,0
2024-04-20,QUEENS,12,0,0
2024-04-20,STATEN ISLAND,2,0,0
2024-04-21,BRONX,1,0,0
2024-04-21,BROOKLYN,4,0,0
2024-04-21,MANHATTAN,15,0,0
2024-04-21,QUEENS,13,0,0
2024-04-22,BRONX,5,0,0
2024-04-22,BROOKLYN,6,0,0
2024-04-22,MANHATTAN,15,0,0
2024-04-22,QUEENS,13,0,0
2024-04-23,BRONX,1,0,0
2024-04-23,BROOKLYN,7,0,0
2024-04-23,MANHATTAN,11,0,0
2024-04-23,QUEENS,7,0,0
2024-04-23,STATEN ISLAND,1,0,0
2024-04-24,BRONX,5,0,0
2024-04-24,BROOKLYN,9,0,0
2024-04-24,MANHATTAN,12,0,0
2024-04-24,QUEENS,8,0,0
2024-04-25,BRONX,5,0,0
2024-04-25,BROOKLYN,8,0,0
2024-04-25,MANHATTAN,22,0,0
2024-04-25,QUEENS,5,0,0
2024-04-25,STATEN ISLAND,1,0,0
2024-04-26,BRONX,7,0,0
2024-04-26,BROOKLYN,13,0,0
2024-04-26,MANHATTAN,18,0,0
2024-04-26,QUEENS,6,0,0
2024-04-27,BRONX,3,0,0
2024-04-27,BROOKLYN,10,0,0
2024-04-27,MANHATTAN,22,0,0
2024-04-27,QUEENS,6,0,0
2024-04-28,BRONX,3,0,0
2024-04-28,BROOKLYN,5,0,0
2024-04-28,MANHATTAN,12,0,0
2024-04-28,QUEENS,13,0,0
2024-04-28,STATEN ISLAND,1,0,0
2024-04-29,BRONX,4,0,0
2024-04-29,BROOKLYN,16,0,0
2024-04-29,MANHATTAN,13,0,0
2024-04-29,QUEENS,7,0,0
2024-04-30,BRONX,4,0,0
2024-04-30,BROOKLYN,7,0,0
2024-04-30,MANHATTAN,17,0,0
2024-04-30,QUEENS,12,0,0
2024-04-30,STATEN ISLAND,2,0,0
2024-05-01,BRONX,12,0,0
2024-05-01,BROOKLYN,14,0,0
2024-05-01,MANHATTAN,27,0,0
2024-05-01,QUEENS,9,0,0
2024-05-01,STATEN ISLAND,1,0,0
2024-05-02,BRONX,9,0,0
2024-05-02,BROOKLYN,14,0,0
2024-05-02,MANHATTAN,27,0,0
2024-05-02,QUEENS,11,0,0
2024-05-02,STATEN ISLAND,1,0,0
2024-05-03,BRONX,4,0,0
2024-05-03,BROOKLYN,11,0,0
2024-05-03,MANHATTAN,20,0,0
2024-05-03,QUEENS,14,0,0
2024-05-03,STATEN ISLAND,3,0,0
2024-05-04,BRONX,7,0,0
2024-05-04,BROOKLYN,16,0,0
2024-05-04,MANHATTAN,17,0,0
2024-05-04,QUEENS,12,0,0
2024-05-05,BRONX,4,0,0
2024-05-05,BROOKLYN,9,0,0
2024-05-05,MANHATTAN,15,0,0
2024-05-05,QUEENS,2,0,0
2024-05-05,STATEN ISLAND,1,0,0
2024-05-06,BRONX,3,0,0
2024-05-06,BROOKLYN,13,0,0
2024-05-06,MANHATTAN,18,0,0
2024-05-06,QUEENS,9,0,0
2024-05-06,STATEN ISLAND,2,0,0
2024-05-07,BRONX,3,0,0
2024-05-07,BROOKLYN,16,0,0
2024-05-07,MANHATTAN,20,0,0
2024-05-07,QUEENS,8,0,0
2024-05-07,STATEN ISLAND,1,0,0
2024-05-08,BRONX,5,0,0
2024-05-08,BROOKLYN,6,0,0
2024-05-08,MANHATTAN,17,0,0
2024-05-08,QUEENS,11,0,0
2024-05-08,STATEN ISLAND,1,0,0
2024-05-09,BRONX,10,0,0
2024-05-09,BROOKLYN,9,0,0
2024-05-09,MANHATTAN,18,0,0
2024-05-09,QUEENS,7,0,0
2024-05-09,STATEN ISLAND,3,0,0
2024-05-10,BRONX,4,0,0
2024-05-10,BROOKLYN,10,0,0
2024-05-10,MANHATTAN,16,0,0
2024-05-10,QUEENS,8,0,0
2024-05-11,BRONX,3,0,0
2024-05-11,BROOKLYN,14,0,0
2024-05-11,MANHATTAN,22,0,0
2024-05-11,QUEENS,6,0,0
2024-05-12,BRONX,2,0,0
2024-05-12,BROOKLYN,13,0,0
2024-05-12,MANHATTAN,9,0,0
2024-05-12,QUEENS,9,0,0
2024-05-12,STATEN ISLAND,1,0,0
2024-05-13,BRONX,4,0,0
2024-05-13,BROOKLYN,10,0,0
2024-05-13,MANHATTAN,19,0,0
2024-05-13,QUEENS,9,0,0
2024-05-13,STATEN ISLAND,1,0,0
2024-05-14,BRONX,3,0,0
2024-05-14,BROOKLYN,20,0,0
2024-05-14,MANHATTAN,20,0,0
2024-05-14,QUEENS,7,0,0
2024-05-15,BRONX,6,0,0
2024-05-15,BROOKLYN,10,0,0
2024-05-15,MANHATTAN,18,0,0
2024-05-15,QUEENS,11,0,0
2024-05-16,BRONX,8,0,0
2024-05-16,BROOKLYN,17,0,0
2024-05-16,MANHATTAN,18,0,0
2024-05-16,QUEENS,7,0,0
2024-05-16,STATEN ISLAND,1,0,0
2024-05-17,BRONX,6,0,0
2024-05-17,BROOKLYN,17,0,0
2024-05-17,MANHATTAN,18,0,0
2024-05-17,QUEENS,9,0,0
2024-05-17,STATEN ISLAND,1,0,0
2024-05-18,BRONX,3,0,0
2024-05-18,BROOKLYN,11,0,0
2024-05-18,MANHATTAN,15,0,0
2024-05-18,QUEENS,10,0,0
2024-05-18,STATEN ISLAND,2,0,0
2024-05-19,BRONX,6,0,0
2024-05-19,BROOKLYN,19,0,0
2024-05-19,MANHATTAN,26,0,0
2024-05-19,QUEENS,9,0,0
2024-05-20,BRONX,4,0,0
2024-05-20,BROOKLYN,21,0,0
2024-05-20,MANHATTAN,20,0,0
2024-05-20,QUEENS,9,0,0
2024-05-20,STATEN ISLAND,3,0,0
2024-05-21,BRONX,5,0,0
2024-05-21,BROOKLYN,9,0,0
2024-05-21,MANHATTAN,20,0,0
2024-05-21,QUEENS,13,0,0
2024-05-21,STATEN ISLAND,1,0,0
2024-05-22,BRONX,8,0,0
2024-05-22,BROOKLYN,12,0,0
2024-05-22,MANHATTAN,13,0,0
2024-05-22,QUEENS,18,0,0
2024-05-23,BRONX,4,0,0
2024-05-23,BROOKLYN,9,0,0
2024-05-23,MANHATTAN,18,0,0
2024-05-23,QUEENS,18,0,0
2024-05-23,STATEN ISLAND,2,0,0
2024-05-24,BRONX,1,0,0
2024-05-24,BROOKLYN,14,0,0
2024-05-24,MANHATTAN,13,0,0
2024-05-24,QUEENS,11,0,0
2024-05-24,STATEN ISLAND,2,0,0
2024-05-25,BRONX,4,0,0
2024-05-25,BROOKLYN,4,0,0
2024-05-25,MANHATTAN,27,0,0
2024-05-25,QUEENS,12,0,0
2024-05-26,BROOKLYN,11,0,0
2024-05-26,MANHATTAN,12,0,0
2024-05-26,QUEENS,9,0,0
2024-05-27,BRONX,1,0,0
2024-05-27,BROOKLYN,14,0,0
2024-05-27,MANHATTAN,13,0,0
2024-05-27,QUEENS,10,0,0
2024-05-27,STATEN ISLAND,3,0,0
2024-05-28,BRONX,5,0,0
2024-05-28,BROOKLYN,16,0,0
2024-05-28,MANHATTAN,18,0,0
2024-05-28,QUEENS,14,0,0
2024-05-28,STATEN ISLAND,3,0,0
2024-05-29,BRONX,6,0,0
2024-05-29,BROOKLYN,16,0,0
2024-05-29,MANHATTAN,22,0,0
2024-05-29,QUEENS,15,0,0
2024-05-29,STATEN ISLAND,3,0,0
2024-05-30,BRONX,5,0,0
2024-05-30,BROOKLYN,16,0,0
2024-05-30,MANHATTAN,9,0,0
2024-05-30,QUEENS,4,0,0
2024-05-30,STATEN ISLAND,2,0,0
2024-05-31,BRONX,2,0,0
2024-05-31,BROOKLYN,24,0,0
2024-05-31,MANHATTAN,18,0,0
2024-05-31,QUEENS,9,0,0
2024-05-31,STATEN ISLAND,1,0,0
2024-06-01,BRONX,4,0,0
2024-06-01,BROOKLYN,29,0,0
2024-06-01,MANHATTAN,10,0,0
2024-06-01,QUEENS,29,0,0
2024-06-02,BRONX,4,0,0
2024-06-02,BROOKLYN,34,0,0
2024-06-02,MANHATTAN,21,0,0
2024-06-02,QUEENS,17,0,0
2024-06-03,BRONX,3,0,0
2024-06-03,BROOKLYN,18,0,0
2024-06-03,MANHATTAN,17,0,0
2024-06-03,QUEENS,15,0,0
2024-06-03,STATEN ISLAND,1,0,0
2024-06-04,BRONX,6,0,0
2024-06-04,BROOKLYN,23,0,0
2024-06-04,MANHATTAN,22,0,0
2024-06-04,QUEENS,9,0,0
2024-06-04,STATEN ISLAND,3,0,0
2024-06-05,BRONX,3,0,0
2024-06-05,BROOKLYN,14,0,0
2024-06-05,MANHATTAN,16,0,0
2024-06-05,QUEENS,10,0,0
2024-06-05,STATEN ISLAND,1,0,0
2024-06-06,BRONX,7,0,0
2024-06-06,BROOKLYN,22,0,0
2024-06-06,MANHATTAN,12,0,0
2024-06-06,QUEENS,6,0,0
2024-06-06,STATEN ISLAND,2,0,0
2024-06-07,BRONX,4,0,0
2024-06-07,BROOKLYN,12,0,0
2024-06-07,MANHATTAN,17,0,0
2024-06-07,QUEENS,7,0,0
2024-06-07,STATEN ISLAND,1,0,0
2024-06-08,BRONX,9,0,0
2024-06-08,BROOKLYN,16,0,0
2024-06-08,MANHATTAN,10,0,0
2024-06-08,QUEENS,9,0,0
2024-06-09,BRONX,2,0,0
2024-06-09,BROOKLYN,13,0,0
2024-06-09,MANHATTAN,15,0,0
2024-06-09,QUEENS,3,0,0
2024-06-10,BRONX,3,0,0
2024-06-10,BROOKLYN,23,0,0
2024-06-10,MANHATTAN,10,0,0
2024-06-10,QUEENS,12,0,0
2024-06-10,STATEN ISLAND,4,0,0
2024-06-11,BRONX,4,0,0
2024-06-11,BROOKLYN,13,0,0
2024-06-11,MANHATTAN,13,0,0
2024-06-11,QUEENS,6,0,0
2024-06-12,BRONX,3,0,0
2024-06-12,BROOKLYN,14,0,0
2024-06-12,MANHATTAN,13,0,0
2024-06-12,QUEENS,14,0,0
2024-06-12,STATEN ISLAND,2,0,0
2024-06-13,BRONX,2,0,0
2024-06-13,BROOKLYN,16,0,0
2024-06-13,MANHATTAN,17,0,0
2024-06-13,QUEENS,4,0,0
2024-06-14,BRONX,6,0,0
2024-06-14,BROOKLYN,16,0,0
2024-06-14,MANHATTAN,27,0,0
2024-06-14,QUEENS,18,0,0
2024-06-14,STATEN ISLAND,1,0,0
2024-06-15,BRONX,4,0,0
2024-06-15,BROOKLYN,16,0,0
2024-06-15,MANHATTAN,13,0,0
2024-06-15,QUEENS,11,0,0
2024-06-15,STATEN ISLAND,2,0,0
2024-06-16,BRONX,3,0,0
2024-06-16,BROOKLYN,11,0,0
2024-06-16,MANHATTAN,7,0,0
2024-06-16,QUEENS,9,0,0
2024-06-16,STATEN ISLAND,4,0,0
2024-06-17,BRONX,4,0,0
2024-06-17,BROOKLYN,13,0,0
2024-06-17,MANHATTAN,18,0,0
2024-06-17,QUEENS,14,0,0
2024-06-18,BRONX,7,0,0
2024-06-18,BROOKLYN,9,0,0
2024-06-18,MANHATTAN,10,0,0
2024-06-18,QUEENS,7,0,0
2024-06-18,STATEN ISLAND,1,0,0
2024-06-19,BRONX,3,0,0
2024-06-19,BROOKLYN,19,0,0
2024-06-19,MANHATTAN,18,0,0
2024-06-19,QUEENS,6,0,0
2024-06-20,BRONX,1,0,0
2024-06-20,BROOKLYN,14,0,0
2024-06-20,MANHATTAN,14,0,0
2024-06-20,QUEENS,14,0,0
2024-06-20,STATEN ISLAND,2,0,0
2024-06-21,BRONX,3,0,0
2024-06-21,BROOKLYN,12,0,0
2024-06-21,MANHATTAN,13,0,0
2024-06-21,QUEENS,13,0,0
2024-06-21,STATEN ISLAND,1,0,0
2024-06-22,BRONX,5,0,0
2024-06-22,BROOKLYN,7,0,0
2024-06-22,MANHATTAN,13,0,0
2024-06-22,QUEENS,12,0,0
2024-06-22,STATEN ISLAND,1,0,0
2024-06-23,BRONX,6,0,0
2024-06-23,BROOKLYN,12,0,0
2024-06-23,MANHATTAN,11,0,0
2024-06-23,QUEENS,4,0,0
2024-06-23,STATEN ISLAND,1,0,0
2024-06-24,BRONX,6,0,0
2024-06-24,BROOKLYN,14,0,0
2024-06-24,MANHATTAN,17,0,0
2024-06-24,QUEENS,15,0,0
2024-06-24,STATEN ISLAND,4,0,0
2024-06-25,BRONX,2,0,0
2024-06-25,BROOKLYN,14,0,0
2024-06-25,MANHATTAN,24,0,0
2024-06-25,QUEENS,7,0,0
2024-06-25,STATEN ISLAND,1,0,0
2024-06-26,BRONX,5,0,0
2024-06-26,BROOKLYN,10,0,0
2024-06-26,MANHATTAN,18,0,0
2024-06-26,QUEENS,15,0,0
2024-06-26,STATEN ISLAND,4,0,0
2024-06-27,BRONX,7,0,0
2024-06-27,BROOKLYN,15,0,0
2024-06-27,MANHATTAN,23,0,0
2024-06-27,QUEENS,21,0,0
2024-06-28,BRONX,6,0,0
2024-06-28,BROOKLYN,9,0,0
2024-06-28,MANHATTAN,29,0,0
2024-06-28,QUEENS,15,0,0
2024-06-29,BRONX,7,0,0
2024-06-29,BROOKLYN,10,0,0
2024-06-29,MANHATTAN,8,0,0
2024-06-29,QUEENS,6,0,0
2024-06-29,STATEN ISLAND,1,0,0
2024-06-30,BRONX,3,0,0
2024-06-30,BROOKLYN,10,0,0
2024-06-30,MANHATTAN,13,0,0
2024-06-30,QUEENS,7,0,0
2024-06-30,STATEN ISLAND,2,0,0
2024-07-01,BRONX,3,0,0
2024-07-01,BROOKLYN,11,0,0
2024-07-01,MANHATTAN,23,0,0
2024-07-01,QUEENS,13,0,0
2024-07-02,BRONX,5,0,0
2024-07-02,BROOKLYN,10,0,0
2024-07-02,MANHATTAN,13,0,0
2024-07-02,QUEENS,10,0,0
2024-07-02,STATEN ISLAND,2,0,0
2024-07-03,BRONX,6,0,0
2024-07-03,BROOKLYN,14,0,0
2024-07-03,MANHATTAN,16,0,0
2024-07-03,QUEENS,9,0,0
2024-07-03,STATEN ISLAND,1,0,0
2024-07-04,BRONX,2,0,0
2024-07-04,BROOKLYN,7,0,0
2024-07-04,MANHATTAN,10,0,0
2024-07-04,QUEENS,7,0,0
2024-07-05,BRONX,2,0,0
2024-07-05,BROOKLYN,11,0,0
2024-07-05,MANHATTAN,8,0,0
2024-07-05,QUEENS,12,0,0
2024-07-05,STATEN ISLAND,1,0,0
2024-07-06,BRONX,1,0,0
2024-07-06,BROOKLYN,13,0,0
2024-07-06,MANHATTAN,8,0,0
2024-07-06,QUEENS,8,0,0
2024-07-06,STATEN ISLAND,1,0,0
2024-07-07,BRONX,10,0,0
2024-07-07,BROOKLYN,8,0,0
2024-07-07,MANHATTAN,16,0,0
2024-07-07,QUEENS,8,0,0
2024-07-08,BRONX,5,0,0
2024-07-08,BROOKLYN,9,0,0
2024-07-08,MANHATTAN,25,0,0
2024-07-08,QUEENS,9,0,0
2024-07-08,STATEN ISLAND,3,0,0
2024-07-09,BRONX,2,0,0
2024-07-09,BROOKLYN,21,0,0
2024-07-09,MANHATTAN,16,0,0
2024-07-09,QUEENS,9,0,0
2024-07-09,STATEN ISLAND,1,0,0
2024-07-10,BRONX,5,0,0
2024-07-10,BROOKLYN,9,0,0
2024-07-10,MANHATTAN,23,0,0
2024-07-10,QUEENS,10,0,0
2024-07-10,STATEN ISLAND,1,0,0
2024-07-11,BRONX,1,0,0
2024-07-11,BROOKLYN,14,0,0
2024-07-11,MANHATTAN,26,0,0
2024-07-11,QUEENS,6,0,0
2024-07-11,STATEN ISLAND,2,0,0
2024-07-12,BRONX,4,0,0
2024-07-12,BROOKLYN,12,0,0
2024-07-12,MANHATTAN,24,0,0
2024-07-12,QUEENS,18,0,0
2024-07-13,BRONX,5,0,0
2024-07-13,BROOKLYN,3,0,0
2024-07-13,MANHATTAN,18,0,0
2024-07-13,QUEENS,7,0,0
2024-07-14,BRONX,4,0,0
2024-07-14,BROOKLYN,7,0,0
2024-07-14,MANHATTAN,26,0,0
2024-07-14,QUEENS,11,0,0
2024-07-14,STATEN ISLAND,1,0,0
2024-07-15,BRONX,4,0,0
2024-07-15,BROOKLYN,15,0,0
2024-07-15,MANHATTAN,23,0,0
2024-07-15,QUEENS,14,0,0
2024-07-15,STATEN ISLAND,4,0,0
2024-07-16,BRONX,4,0,0
2024-07-16,BROOKLYN,17,0,0
2024-07-16,MANHATTAN,19,0,0
2024-07-16,QUEENS,9,0,0
2024-07-17,BRONX,7,0,0
2024-07-17,BROOKLYN,10,0,0
2024-07-17,MANHATTAN,12,0,0
2024-07-17,QUEENS,9,0,0
2024-07-17,STATEN ISLAND,5,0,0
2024-07-18,BRONX,1,0,0
2024-07-18,BROOKLYN,18,0,0
2024-07-18,MANHATTAN,24,0,0
2024-07-18,QUEENS,11,0,0
2024-07-18,STATEN ISLAND,3,0,0
2024-07-19,BRONX,5,0,0
2024-07-19,BROOKLYN,19,0,0
2024-07-19,MANHATTAN,18,0,0
2024-07-19,QUEENS,15,0,0
2024-07-19,STATEN ISLAND,1,0,0
2024-07-20,BRONX,4,0,0
2024-07-20,BROOKLYN,11,0,0
2024-07-20,MANHATTAN,28,0,0
2024-07-20,QUEENS,11,0,0
2024-07-20,STATEN ISLAND,1,0,0
2024-07-21,BROOKLYN,1,0,0
2024-07-21,MANHATTAN,19,0,0
2024-07-21,QUEENS,7,0,0
2024-07-22,BRONX,9,0,0
2024-07-22,BROOKLYN,16,0,0
2024-07-22,MANHATTAN,26,0,0
2024-07-22,QUEENS,12,0,0
2024-07-22,STATEN ISLAND,1,0,0
2024-07-23,BRONX,4,0,0
2024-07-23,BROOKLYN,13,0,0
2024-07-23,MANHATTAN,20,0,0
2024-07-23,QUEENS,17,0,0
2024-07-23,STATEN ISLAND,3,0,0
2024-07-24,BRONX,8,0,0
2024-07-24,BROOKLYN,14,0,0
2024-07-24,MANHATTAN,18,0,0
2024-07-24,QUEENS,13,0,0
2024-07-24,STATEN ISLAND,1,0,0
2024-07-25,BRONX,6,0,0
2024-07-25,BROOKLYN,13,0,0
2024-07-25,MANHATTAN,24,0,0
2024-07-25,QUEENS,11,0,0
2024-07-25,STATEN ISLAND,3,0,0
2024-07-26,BRONX,10,0,0
2024-07-26,BROOKLYN,14,0,0
2024-07-26,MANHATTAN,9,0,0
2024-07-26,QUEENS,6,0,0
2024-07-27,BRONX,3,0,0
2024-07-27,BROOKLYN,9,0,0
2024-07-27,MANHATTAN,10,0,0
2024-07-27,QUEENS,11,0,0
2024-07-28,BRONX,2,0,0
2024-07-28,BROOKLYN,7,0,0
2024-07-28,MANHATTAN,16,0,0
2024-07-28,QUEENS,5,0,0
2024-07-29,BRONX,5,0,0
2024-07-29,BROOKLYN,15,0,0
2024-07-29,MANHATTAN,30,0,0
2024-07-29,QUEENS,11,0,0
2024-07-30,BRONX,4,0,0
2024-07-30,BROOKLYN,15,0,0
2024-07-30,MANHATTAN,15,0,0
2024-07-30,QUEENS,15,0,0
2024-07-30,STATEN ISLAND,1,0,0
2024-07-31,BRONX,2,0,0
2024-07-31,BROOKLYN,15,0,0
2024-07-31,MANHATTAN,24,0,0
2024-07-31,QUEENS,15,0,0
2024-07-31,STATEN ISLAND,3,0,0
2024-08-01,BRONX,7,0,0
2024-08-01,BROOKLYN,16,0,0
2024-08-01,MANHATTAN,27,0,0
2024-08-01,QUEENS,14,0,0
2024-08-01,STATEN ISLAND,5,0,0
2024-08-02,BRONX,2,0,0
2024-08-02,BROOKLYN,14,0,0
2024-08-02,MANHATTAN,31,0,0
2024-08-02,QUEENS,10,0,0
2024-08-02,STATEN ISLAND,5,0,0
2024-08-03,BRONX,2,0,0
2024-08-03,BROOKLYN,14,0,0
2024-08-03,MANHATTAN,19,0,0
2024-08-03,QUEENS,13,0,0
2024-08-04,BRONX,2,0,0
2024-08-04,BROOKLYN,8,0,0
2024-08-04,MANHATTAN,22,0,0
2024-08-04,QUEENS,15,0,0
2024-08-04,STATEN ISLAND,1,0,0
2024-08-05,BRONX,6,0,0
2024-08-05,BROOKLYN,20,0,0
2024-08-05,MANHATTAN,30,0,0
2024-08-05,QUEENS,15,0,0
2024-08-06,BRONX,4,0,0
2024-08-06,BROOKLYN,8,0,0
2024-08-06,MANHATTAN,29,0,0
2024-08-06,QUEENS,10,0,0
2024-08-06,STATEN ISLAND,1,0,0
2024-08-07,BRONX,3,0,0
2024-08-07,BROOKLYN,15,0,0
2024-08-07,MANHATTAN,29,0,0
2024-08-07,QUEENS,8,0,0
2024-08-07,STATEN ISLAND,1,0,0
2024-08-08,BROOKLYN,12,0,0
2024-08-08,MANHATTAN,17,0,0
2024-08-08,QUEENS,11,0,0
2024-08-08,STATEN ISLAND,1,0,0
2024-08-09,BRONX,5,0,0
2024-08-09,BROOKLYN,18,0,0
2024-08-09,MANHATTAN,22,0,0
2024-08-09,QUEENS,9,0,0
2024-08-09,STATEN ISLAND,2,0,0
2024-08-10,BRONX,4,0,0
2024-08-10,BROOKLYN,8,0,0
2024-08-10,MANHATTAN,11,0,0
2024-08-10,QUEENS,10,0,0
2024-08-11,BRONX,5,0,0
2024-08-11,BROOKLYN,13,0,0
2024-08-11,MANHATTAN,22,0,0
2024-08-11,QUEENS,11,0,0
2024-08-11,STATEN ISLAND,4,0,0
2024-08-12,BRONX,4,0,0
2024-08-12,BROOKLYN,14,0,0
2024-08-12,MANHATTAN,29,0,0
2024-08-12,QUEENS,8,0,0
2024-08-12,STATEN ISLAND,1,0,0
2024-08-13,BRONX,3,0,0
2024-08-13,BROOKLYN,16,0,0
2024-08-13,MANHATTAN,23,0,0
2024-08-13,QUEENS,7,0,0
2024-08-14,BRONX,9,0,0
2024-08-14,BROOKLYN,18,0,0
2024-08-14,MANHATTAN,14,0,0
2024-08-14,QUEENS,19,0,0
2024-08-14,STATEN ISLAND,1,0,0
2024-08-15,BRONX,4,0,0
2024-08-15,BROOKLYN,19,0,0
2024-08-15,MANHATTAN,26,0,0
2024-08-15,QUEENS,6,0,0
2024-08-15,STATEN ISLAND,1,0,0
2024-08-16,BRONX,3,0,0
2024-08-16,BROOKLYN,13,0,0
2024-08-16,MANHATTAN,11,0,0
2024-08-16,QUEENS,5,0,0
2024-08-16,STATEN ISLAND,1,0,0
2024-08-17,BRONX,2,0,0
2024-08-17,BROOKLYN,1,0,0
2024-08-17,MANHATTAN,10,0,0
2024-08-17,QUEENS,10,0,0
2024-08-17,STATEN ISLAND,2,0,0
2024-08-18,BROOKLYN,13,0,0
2024-08-18,MANHATTAN,12,0,0
2024-08-18,QUEENS,14,0,0
2024-08-18,STATEN ISLAND,1,0,0
2024-08-19,BRONX,2,0,0
2024-08-19,BROOKLYN,19,0,0
2024-08-19,MANHATTAN,20,0,0
2024-08-19,QUEENS,17,0,0
2024-08-19,STATEN ISLAND,2,0,0
2024-08-20,BRONX,3,0,0
2024-08-20,BROOKLYN,12,0,0
2024-08-20,MANHATTAN,13,0,0
2024-08-20,QUEENS,12,0,0
2024-08-20,STATEN ISLAND,1,0,0
2024-08-21,BRONX,1,0,0
2024-08-21,BROOKLYN,13,0,0
2024-08-21,MANHATTAN,22,0,0
2024-08-21,QUEENS,14,0,0
2024-08-22,BRONX,6,0,0
2024-08-22,BROOKLYN,13,0,0
2024-08-22,MANHATTAN,13,0,0
2024-08-22,QUEENS,9,0,0
2024-08-22,STATEN ISLAND,3,0,0
2024-08-23,BRONX,4,0,0
2024-08-23,BROOKLYN,13,0,0
2024-08-23,MANHATTAN,21,0,0
2024-08-23,QUEENS,13,0,0
2024-08-23,STATEN ISLAND,2,0,0
2024-08-24,BRONX,3,0,0
2024-08-24,BROOKLYN,10,0,0
2024-08-24,MANHATTAN,9,0,0
2024-08-24,QUEENS,8,0,0
2024-08-24,STATEN ISLAND,2,0,0
2024-08-25,BRONX,5,0,0
2024-08-25,BROOKLYN,16,0,0
2024-08-25,MANHATTAN,13,0,0
2024-08-25,QUEENS,4,0,0
2024-08-25,STATEN ISLAND,1,0,0
2024-08-26,BRONX,6,0,0
2024-08-26,BROOKLYN,14,0,0
2024-08-26,MANHATTAN,15,0,0
2024-08-26,QUEENS,16,0,0
2024-08-26,STATEN ISLAND,2,0,0
2024-08-27,BRONX,1,0,0
2024-08-27,BROOKLYN,16,0,0
2024-08-27,MANHATTAN,19,0,0
2024-08-27,QUEENS,8,0,0
2024-08-27,STATEN ISLAND,1,0,0
2024-08-28,BRONX,5,0,0
2024-08-28,BROOKLYN,14,0,0
2024-08-28,MANHATTAN,26,0,0
2024-08-28,QUEENS,12,0,0
2024-08-29,BRONX,4,0,0
2024-08-29,BROOKLYN,17,0,0
2024-08-29,MANHATTAN,29,0,0
2024-08-29,QUEENS,9,0,0
2024-08-29,STATEN ISLAND,2,0,0
2024-08-30,BRONX,5,0,0
2024-08-30,BROOKLYN,11,0,0
2024-08-30,MANHATTAN,18,0,0
2024-08-30,QUEENS,12,0,0
2024-08-31,BRONX,1,0,0
2024-08-31,BROOKLYN,6,0,0
2024-08-31,MANHATTAN,18,0,0
2024-08-31,QUEENS,9,0,0
2024-08-31,STATEN ISLAND,1,0,0
2024-09-01,BRONX,3,0,0
2024-09-01,BROOKLYN,9,0,0
2024-09-01,MANHATTAN,17,0,0
2024-09-01,QUEENS,8,0,0
2024-09-01,STATEN ISLAND,1,0,0
2024-09-02,BRONX,4,0,0
2024-09-02,BROOKLYN,10,0,0
2024-09-02,MANHATTAN,14,0,0
2024-09-02,QUEENS,8,0,0
2024-09-02,STATEN ISLAND,1,0,0
2024-09-03,BRONX,2,0,0
2024-09-03,BROOKLYN,13,0,0
2024-09-03,MANHATTAN,22,0,0
2024-09-03,QUEENS,4,0,0
2024-09-03,STATEN ISLAND,1,0,0
2024-09-04,BRONX,6,0,0
2024-09-04,BROOKLYN,7,0,0
2024-09-04,MANHATTAN,24,0,0
2024-09-04,QUEENS,10,0,0
2024-09-04,STATEN ISLAND,1,0,0
2024-09-05,BRONX,3,0,0
2024-09-05,BROOKLYN,9,0,0
2024-09-05,MANHATTAN,16,0,0
2024-09-05,QUEENS,8,0,0
2024-09-05,STATEN ISLAND,2,0,0
2024-09-06,BRONX,3,0,0
2024-09-06,BROOKLYN,10,0,0
2024-09-06,MANHATTAN,24,0,0
2024-09-06,QUEENS,13,0,0
2024-09-06,STATEN ISLAND,1,0,0
2024-09-07,BRONX,5,0,0
2024-09-07,BROOKLYN,16,0,0
2024-09-07,MANHATTAN,13,0,0
2024-09-07,QUEENS,5,0,0
2024-09-07,STATEN ISLAND,2,0,0
2024-09-08,BRONX,1,0,0
2024-09-08,BROOKLYN,16,0,0
2024-09-08,MANHATTAN,16,0,0
2024-09-08,QUEENS,5,0,0
2024-09-09,BRONX,6,0,0
2024-09-09,BROOKLYN,22,0,0
2024-09-09,MANHATTAN,15,0,0
2024-09-09,QUEENS,26,0,0
2024-09-09,STATEN ISLAND,2,0,0
2024-09-10,BRONX,6,0,0
2024-09-10,BROOKLYN,11,0,0
2024-09-10,MANHATTAN,15,0,0
2024-09-10,QUEENS,12,0,0
2024-09-11,BRONX,5,0,0
2024-09-11,BROOKLYN,10,0,0
2024-09-11,MANHATTAN,22,0,0
2024-09-11,QUEENS,15,0,0
2024-09-12,BRONX,8,0,0
2024-09-12,BROOKLYN,13,0,0
2024-09-12,MANHATTAN,15,0,0
2024-09-12,QUEENS,14,0,0
2024-09-12,STATEN ISLAND,7,0,0
2024-09-13,BRONX,5,0,0
2024-09-13,BROOKLYN,24,0,0
2024-09-13,MANHATTAN,24,0,0
2024-09-13,QUEENS,8,0,0
2024-09-13,STATEN ISLAND,1,0,0
2024-09-14,BROOKLYN,9,0,0
2024-09-14,MANHATTAN,18,0,0
2024-09-14,QUEENS,9,0,0
2024-09-15,BRONX,4,0,0
2024-09-15,BROOKLYN,15,0,0
2024-09-15,MANHATTAN,10,0,0
2024-09-15,QUEENS,6,0,0
2024-09-16,BRONX,4,0,0
2024-09-16,BROOKLYN,19,0,0
2024-09-16,MANHATTAN,18,0,0
2024-09-16,QUEENS,10,0,0
2024-09-16,STATEN ISLAND,4,0,0
2024-09-17,BRONX,5,0,0
2024-09-17,BROOKLYN,16,0,0
2024-09-17,MANHATTAN,14,0,0
2024-09-17,QUEENS,7,0,0
2024-09-17,STATEN ISLAND,3,0,0
2024-09-18,BRONX,4,0,0
2024-09-18,BROOKLYN,14,0,0
2024-09-18,MANHATTAN,17,0,0
2024-09-18,QUEENS,13,0,0
2024-09-19,BRONX,6,0,0
2024-09-19,BROOKLYN,19,0,0
2024-09-19,MANHATTAN,15,0,0
2024-09-19,QUEENS,11,0,0
2024-09-19,STATEN ISLAND,2,0,0
2024-09-20,BRONX,6,0,0
2024-09-20,BROOKLYN,17,0,0
2024-09-20,MANHATTAN,18,0,0
2024-09-20,QUEENS,6,0,0
2024-09-20,STATEN ISLAND,2,0,0
2024-09-21,BRONX,2,0,0
2024-09-21,BROOKLYN,17,0,0
2024-09-21,MANHATTAN,19,0,0
2024-09-21,QUEENS,6,0,0
2024-09-21,STATEN ISLAND,4,0,0
2024-09-22,BRONX,3,0,0
2024-09-22,BROOKLYN,13,0,0
2024-09-22,MANHATTAN,17,0,0
2024-09-22,QUEENS,8,0,0
2024-09-23,BRONX,6,0,0
2024-09-23,BROOKLYN,22,0,0
2024-09-23,MANHATTAN,18,0,0
2024-09-23,QUEENS,9,0,0
2024-09-23,STATEN ISLAND,3,0,0
2024-09-24,BRONX,1,0,0
2024-09-24,BROOKLYN,14,0,0
2024-09-24,MANHATTAN,11,0,0
2024-09-24,QUEENS,9,0,0
2024-09-25,BRONX,2,0,0
2024-09-25,BROOKLYN,15,0,0
2024-09-25,MANHATTAN,15,0,0
2024-09-25,QUEENS,5,0,0
2024-09-25,STATEN ISLAND,4,0,0
2024-09-26,BRONX,3,0,0
2024-09-26,BROOKLYN,7,0,0
2024-09-26,MANHATTAN,13,0,0
2024-09-26,QUEENS,8,0,0
2024-09-26,STATEN ISLAND,2,0,0
2024-09-27,BRONX,4,0,0
2024-09-27,BROOKLYN,13,0,0
2024-09-27,MANHATTAN,17,0,0
2024-09-27,QUEENS,5,0,0
2024-09-27,STATEN ISLAND,3,0,0
2024-09-28,BRONX,1,0,0
2024-09-28,BROOKLYN,6,0,0
2024-09-28,MANHATTAN,4,0,0
2024-09-28,QUEENS,4,0,0
2024-09-28,STATEN ISLAND,1,0,0
2024-09-29,BRONX,1,0,0
2024-09-29,BROOKLYN,17,0,0
2024-09-29,MANHATTAN,10,0,0
2024-09-29,QUEENS,7,0,0
2024-09-29,STATEN ISLAND,1,0,0
2024-09-30,BRONX,4,0,0
2024-09-30,BROOKLYN,13,0,0
2024-09-30,MANHATTAN,8,0,0
2024-09-30,QUEENS,7,0,0
2024-09-30,STATEN ISLAND,4,0,0
2024-10-01,BRONX,2,0,0
2024-10-01,BROOKLYN,19,0,0
2024-10-01,MANHATTAN,12,0,0
2024-10-01,QUEENS,12,0,0
2024-10-01,STATEN ISLAND,1,0,0
2024-10-02,BRONX,1,0,0
2024-10-02,BROOKLYN,18,0,0
2024-10-02,MANHATTAN,16,0,0
2024-10-02,QUEENS,13,0,0
2024-10-02,STATEN ISLAND,2,0,0
2024-10-03,BRONX,4,0,0
2024-10-03,BROOKLYN,7,0,0
2024-10-03,MANHATTAN,17,0,0
2024-10-03,QUEENS,9,0,0
2024-10-03,STATEN ISLAND,3,0,0
2024-10-04,BRONX,9,0,0
2024-10-04,BROOKLYN,18,0,0
2024-10-04,MANHATTAN,18,0,0
2024-10-04,QUEENS,13,0,0
2024-10-04,STATEN ISLAND,3,0,0
2024-10-05,BRONX,4,0,0
2024-10-05,BROOKLYN,12,0,0
2024-10-05,MANHATTAN,18,0,0
2024-10-05,QUEENS,6,0,0
2024-10-05,STATEN ISLAND,2,0,0
2024-10-06,BRONX,6,0,0
2024-10-06,BROOKLYN,16,0,0
2024-10-06,MANHATTAN,14,0,0
2024-10-06,QUEENS,11,0,0
2024-10-06,STATEN ISLAND,1,0,0
2024-10-07,BRONX,2,0,0
2024-10-07,BROOKLYN,13,0,0
2024-10-07,MANHATTAN,13,0,0
2024-10-07,QUEENS,6,0,0
2024-10-07,STATEN ISLAND,3,0,0
2024-10-08,BRONX,3,0,0
2024-10-08,BROOKLYN,14,0,0
2024-10-08,MANHATTAN,17,0,0
2024-10-08,QUEENS,10,0,0
2024-10-08,STATEN ISLAND,1,0,0
2024-10-09,BRONX,5,0,0
2024-10-09,BROOKLYN,13,0,0
2024-10-09,MANHATTAN,15,0,0
2024-10-09,QUEENS,6,0,0
2024-10-09,STATEN ISLAND,2,0,0
2024-10-10,BRONX,4,0,0
2024-10-10,BROOKLYN,17,0,0
2024-10-10,MANHATTAN,18,0,0
2024-10-10,QUEENS,7,0,0
2024-10-10,STATEN ISLAND,7,0,0
2024-10-11,BRONX,2,0,0
2024-10-11,BROOKLYN,8,0,0
2024-10-11,MANHATTAN,18,0,0
2024-10-11,QUEENS,7,0,0
2024-10-11,STATEN ISLAND,1,0,0
2024-10-12,BRONX,2,0,0
2024-10-12,BROOKLYN,15,0,0
2024-10-12,MANHATTAN,13,0,0
2024-10-12,QUEENS,8,0,0
2024-10-12,STATEN ISLAND,1,0,0
2024-10-13,BRONX,2,0,0
2024-10-13,BROOKLYN,10,0,0
2024-10-13,MANHATTAN,12,0,0
2024-10-13,QUEENS,11,0,0
2024-10-13,STATEN ISLAND,3,0,0
2024-10-14,BRONX,1,0,0
2024-10-14,BROOKLYN,6,0,0
2024-10-14,MANHATTAN,23,0,0
2024-10-14,QUEENS,3,0,0
2024-10-15,BRONX,3,0,0
2024-10-15,BROOKLYN,15,0,0
2024-10-15,MANHATTAN,15,0,0
2024-10-15,QUEENS,8,0,0
2024-10-15,STATEN ISLAND,2,0,0
2024-10-16,BRONX,5,0,0
2024-10-16,BROOKLYN,5,0,0
2024-10-16,MANHATTAN,8,0,0
2024-10-16,QUEENS,14,0,0
2024-10-16,STATEN ISLAND,2,0,0
2024-10-17,BRONX,4,0,0
2024-10-17,BROOKLYN,13,0,0
2024-10-17,MANHATTAN,12,0,0
2024-10-17,QUEENS,6,0,0
2024-10-18,BRONX,6,0,0
2024-10-18,BROOKLYN,21,0,0
2024-10-18,MANHATTAN,15,0,0
2024-10-18,QUEENS,5,0,0
2024-10-18,STATEN ISLAND,3,0,0
2024-10-19,BRONX,3,0,0
2024-10-19,BROOKLYN,7,0,0
2024-10-19,MANHATTAN,15,0,0
2024-10-19,QUEENS,7,0,0
2024-10-19,STATEN ISLAND,2,0,0
2024-10-20,BRONX,3,0,0
2024-10-20,BROOKLYN,16,0,0
2024-10-20,MANHATTAN,14,0,0
2024-10-20,QUEENS,10,0,0
2024-10-21,BRONX,5,0,0
2024-10-21,BROOKLYN,13,0,0
2024-10-21,MANHATTAN,21,0,0
2024-10-21,QUEENS,9,0,0
2024-10-21,STATEN ISLAND,2,0,0
2024-10-22,BRONX,4,0,0
2024-10-22,BROOKLYN,12,0,0
2024-10-22,MANHATTAN,17,0,0
2024-10-22,QUEENS,8,0,0
2024-10-23,BRONX,6,0,0
2024-10-23,BROOKLYN,12,0,0
2024-10-23,MANHATTAN,18,0,0
2024-10-23,QUEENS,7,0,0
2024-10-23,STATEN ISLAND,4,0,0
2024-10-24,BRONX,4,0,0
2024-10-24,BROOKLYN,12,0,0
2024-10-24,MANHATTAN,14,0,0
2024-10-24,QUEENS,9,0,0
2024-10-25,BRONX,3,0,0
2024-10-25,BROOKLYN,11,0,0
2024-10-25,MANHATTAN,11,0,0
2024-10-25,QUEENS,13,0,0
2024-10-25,STATEN ISLAND,1,0,0
2024-10-26,BRONX,3,0,0
2024-10-26,BROOKLYN,5,0,0
2024-10-26,MANHATTAN,9,0,0
2024-10-26,QUEENS,8,0,0
2024-10-26,STATEN ISLAND,2,0,0
2024-10-27,BRONX,5,0,0
2024-10-27,BROOKLYN,14,0,0
2024-10-27,MANHATTAN,20,0,0
2024-10-27,QUEENS,9,0,0
2024-10-27,STATEN ISLAND,1,0,0
2024-10-28,BRONX,6,0,0
2024-10-28,BROOKLYN,16,0,0
2024-10-28,MANHATTAN,23,0,0
2024-10-28,QUEENS,11,0,0
2024-10-28,STATEN ISLAND,2,0,0
2024-10-29,BRONX,3,0,0
2024-10-29,BROOKLYN,14,0,0
2024-10-29,MANHATTAN,17,0,0
2024-10-29,QUEENS,17,0,0
2024-10-29,STATEN ISLAND,1,0,0
2024-10-30,BRONX,4,0,0
2024-10-30,BROOKLYN,14,0,0
2024-10-30,MANHATTAN,20,0,0
2024-10-30,QUEENS,9,0,0
2024-10-30,STATEN ISLAND,1,0,0
2024-10-31,BRONX,4,0,0
2024-10-31,BROOKLYN,11,0,0
2024-10-31,MANHATTAN,22,0,0
2024-10-31,QUEENS,8,0,0
2024-10-31,STATEN ISLAND,2,0,0
2024-11-01,BRONX,5,0,0
2024-11-01,BROOKLYN,14,0,0
2024-11-01,MANHATTAN,13,0,0
2024-11-01,QUEENS,9,0,0
2024-11-01,STATEN ISLAND,1,0,0
2024-11-02,BRONX,2,0,0
2024-11-02,BROOKLYN,10,0,0
2024-11-02,MANHATTAN,15,0,0
2024-11-02,QUEENS,11,0,0
2024-11-03,BRONX,3,0,0
2024-11-03,BROOKLYN,11,0,0
2024-11-03,MANHATTAN,7,0,0
2024-11-03,QUEENS,7,0,0
2024-11-04,BRONX,4,0,0
2024-11-04,BROOKLYN,20,0,0
2024-11-04,MANHATTAN,22,0,0
2024-11-04,QUEENS,10,0,0
2024-11-04,STATEN ISLAND,1,0,0
2024-11-05,BRONX,2,0,0
2024-11-05,BROOKLYN,19,0,0
2024-11-05,MANHATTAN,5,0,0
2024-11-05,QUEENS,12,0,0
2024-11-05,STATEN ISLAND,2,0,0
2024-11-06,BRONX,5,0,0
2024-11-06,BROOKLYN,8,0,0
2024-11-06,MANHATTAN,18,0,0
2024-11-06,QUEENS,5,0,0
2024-11-07,BRONX,8,0,0
2024-11-07,BROOKLYN,9,0,0
2024-11-07,MANHATTAN,25,0,0
2024-11-07,QUEENS,13,0,0
2024-11-07,STATEN ISLAND,3,0,0
2024-11-08,BRONX,2,0,0
2024-11-08,BROOKLYN,15,0,0
2024-11-08,MANHATTAN,21,0,0
2024-11-08,QUEENS,12,0,0
2024-11-09,BRONX,5,0,0
2024-11-09,BROOKLYN,9,0,0
2024-11-09,MANHATTAN,12,0,0
2024-11-09,QUEENS,9,0,0
2024-11-10,BRONX,5,0,0
2024-11-10,BROOKLYN,11,0,0
2024-11-10,MANHATTAN,18,0,0
2024-11-10,QUEENS,9,0,0
2024-11-10,STATEN ISLAND,1,0,0
2024-11-11,BRONX,4,0,0
2024-11-11,BROOKLYN,11,0,0
2024-11-11,MANHATTAN,16,0,0
2024-11-11,QUEENS,5,0,0
2024-11-11,STATEN ISLAND,1,0,0
2024-11-12,BRONX,9,0,0
2024-11-12,BROOKLYN,9,0,0
2024-11-12,MANHATTAN,16,0,0
2024-11-12,QUEENS,10,0,0
2024-11-12,STATEN ISLAND,3,0,0
2024-11-13,BRONX,3,0,0
2024-11-13,BROOKLYN,12,0,0
2024-11-13,MANHATTAN,13,0,0
2024-11-13,QUEENS,14,0,0
2024-11-14,BRONX,3,0,0
2024-11-14,BROOKLYN,16,0,0
2024-11-14,MANHATTAN,16,0,0
2024-11-14,QUEENS,6,0,0
2024-11-15,BRONX,4,0,0
2024-11-15,BROOKLYN,8,0,0
2024-11-15,MANHATTAN,13,0,0
2024-11-15,QUEENS,6,0,0
2024-11-15,STATEN ISLAND,1,0,0
2024-11-16,BRONX,3,0,0
2024-11-16,BROOKLYN,9,0,0
2024-11-16,MANHATTAN,20,0,0
2024-11-16,QUEENS,6,0,0
2024-11-16,STATEN ISLAND,3,0,0
2024-11-17,BRONX,3,0,0
2024-11-17,BROOKLYN,10,0,0
2024-11-17,MANHATTAN,13,0,0
2024-11-17,QUEENS,10,0,0
2024-11-18,BRONX,8,0,0
2024-11-18,BROOKLYN,8,0,0
2024-11-18,MANHATTAN,20,0,0
2024-11-18,QUEENS,12,0,0
2024-11-18,STATEN ISLAND,4,0,0
2024-11-19,BRONX,6,0,0
2024-11-19,BROOKLYN,15,0,0
2024-11-19,MANHATTAN,15,0,0
2024-11-19,QUEENS,10,0,0
2024-11-20,BRONX,3,0,0
2024-11-20,BROOKLYN,11,0,0
2024-11-20,MANHATTAN,21,0,0
2024-11-20,QUEENS,17,0,0
2024-11-20,STATEN ISLAND,2,0,0
2024-11-21,BRONX,8,0,0
2024-11-21,BROOKLYN,6,0,0
2024-11-21,MANHATTAN,15,0,0
2024-11-21,QUEENS,6,0,0
2024-11-21,STATEN ISLAND,5,0,0
2024-11-22,BRONX,6,0,0
2024-11-22,BROOKLYN,8,0,0
2024-11-22,MANHATTAN,9,0,0
2024-11-22,QUEENS,6,0,0
2024-11-22,STATEN ISLAND,1,0,0
2024-11-23,BRONX,3,0,0
2024-11-23,BROOKLYN,9,0,0
2024-11-23,MANHATTAN,13,0,0
2024-11-23,QUEENS,5,0,0
2024-11-23,STATEN ISLAND,1,0,0
2024-11-24,BRONX,6,0,0
2024-11-24,BROOKLYN,13,0,0
2024-11-24,MANHATTAN,19,0,0
2024-11-24,QUEENS,5,0,0
2024-11-24,STATEN ISLAND,1,0,0
2024-11-25,BRONX,6,0,0
2024-11-25,BROOKLYN,18,0,0
2024-11-25,MANHATTAN,23,0,0
2024-11-25,QUEENS,8,0,0
2024-11-25,STATEN ISLAND,2,0,0
2024-11-26,BRONX,1,0,0
2024-11-26,BROOKLYN,10,0,0
2024-11-26,MANHATTAN,16,0,0
2024-11-26,QUEENS,11,0,0
2024-11-26,STATEN ISLAND,1,0,0
2024-11-27,BRONX,2,0,0
2024-11-27,BROOKLYN,15,0,0
2024-11-27,MANHATTAN,11,0,0
2024-11-27,QUEENS,5,0,0
2024-11-27,STATEN ISLAND,1,0,0
2024-11-28,BROOKLYN,3,0,0
2024-11-28,MANHATTAN,5,0,0
2024-11-28,QUEENS,2,0,0
2024-11-28,STATEN ISLAND,1,0,0
2024-11-29,BRONX,2,0,0
2024-11-29,BROOKLYN,5,0,0
2024-11-29,MANHATTAN,17,0,0
2024-11-29,QUEENS,7,0,0
2024-11-29,STATEN ISLAND,1,0,0
2024-11-30,BRONX,7,0,0
2024-11-30,BROOKLYN,7,0,0
2024-11-30,MANHATTAN,9,0,0
2024-11-30,QUEENS,4,0,0
2024-11-30,STATEN ISLAND,2,0,0
2024-12-01,BROOKLYN,4,0,0
2024-12-01,MANHATTAN,18,0,0
2024-12-01,QUEENS,9,0,0
2024-12-02,BRONX,3,0,0
2024-12-02,BROOKLYN,7,0,0
2024-12-02,MANHATTAN,20,0,0
2024-12-02,QUEENS,20,0,0
2024-12-02,STATEN ISLAND,1,0,0
2024-12-03,BRONX,4,0,0
2024-12-03,BROOKLYN,11,0,0
2024-12-03,MANHATTAN,18,0,0
2024-12-03,QUEENS,5,0,0
2024-12-04,BRONX,3,0,0
2024-12-04,BROOKLYN,15,0,0
2024-12-04,MANHATTAN,12,0,0
2024-12-04,QUEENS,7,0,0
2024-12-05,BRONX,4,0,0
2024-12-05,BROOKLYN,12,0,0
2024-12-05,MANHATTAN,9,0,0
2024-12-05,QUEENS,6,0,0
2024-12-05,STATEN ISLAND,1,0,0
2024-12-06,BRONX,2,0,0
2024-12-06,BROOKLYN,14,0,0
2024-12-06,MANHATTAN,20,0,0
2024-12-06,QUEENS,6,0,0
2024-12-06,STATEN ISLAND,1,0,0
2024-12-07,BRONX,5,0,0
2024-12-07,BROOKLYN,11,0,0
2024-12-07,MANHATTAN,13,0,0
2024-12-07,QUEENS,8,0,0
2024-12-08,BRONX,4,0,0
2024-12-08,BROOKLYN,3,0,0
2024-12-08,MANHATTAN,15,0,0
2024-12-08,QUEENS,10,0,0
2024-12-09,BRONX,2,0,0
2024-12-09,BROOKLYN,5,0,0
2024-12-09,MANHATTAN,18,0,0
2024-12-09,QUEENS,8,0,0
2024-12-09,STATEN ISLAND,1,0,0
2024-12-10,BRONX,1,0,0
2024-12-10,BROOKLYN,14,0,0
2024-12-10,MANHATTAN,21,0,0
2024-12-10,QUEENS,7,0,0
2024-12-11,BRONX,5,0,0
2024-12-11,BROOKLYN,19,0,0
2024-12-11,MANHATTAN,18,0,0
2024-12-11,QUEENS,9,0,0
2024-12-11,STATEN ISLAND,3,0,0
2024-12-12,BRONX,3,0,0
2024-12-12,BROOKLYN,9,0,0
2024-12-12,MANHATTAN,13,0,0
2024-12-12,QUEENS,8,0,0
2024-12-13,BRONX,3,0,0
2024-12-13,BROOKLYN,11,0,0
2024-12-13,MANHATTAN,16,0,0
2024-12-13,QUEENS,15,0,0
2024-12-14,BRONX,2,0,0
2024-12-14,BROOKLYN,10,0,0
2024-12-14,MANHATTAN,17,0,0
2024-12-14,QUEENS,8,0,0
2024-12-14,STATEN ISLAND,1,0,0
2024-12-15,BRONX,3,0,0
2024-12-15,BROOKLYN,9,0,0
2024-12-15,MANHATTAN,13,0,0
2024-12-15,QUEENS,7,0,0
2024-12-15,STATEN ISLAND,1,0,0
2024-12-16,BRONX,7,0,0
2024-12-16,BROOKLYN,16,0,0
2024-12-16,MANHATTAN,21,0,0
2024-12-16,QUEENS,13,0,0
2024-12-17,BRONX,4,0,0
2024-12-17,BROOKLYN,9,0,0
2024-12-17,MANHATTAN,18,0,0
2024-12-17,QUEENS,5,0,0
2024-12-18,BRONX,8,0,0
2024-12-18,BROOKLYN,11,0,0
2024-12-18,MANHATTAN,22,0,0
2024-12-18,QUEENS,5,0,0
2024-12-18,STATEN ISLAND,1,0,0
2024-12-19,BRONX,3,0,0
2024-12-19,BROOKLYN,13,0,0
2024-12-19,MANHATTAN,16,0,0
2024-12-19,QUEENS,4,0,0
2024-12-19,STATEN ISLAND,1,0,0
2024-12-20,BRONX,1,0,0
2024-12-20,BROOKLYN,7,0,0
2024-12-20,MANHATTAN,15,0,0
2024-12-20,QUEENS,8,0,0
2024-12-20,STATEN ISLAND,2,0,0
2024-12-21,BRONX,5,0,0
2024-12-21,BROOKLYN,9,0,0
2024-12-21,MANHATTAN,10,0,0
2024-12-21,QUEENS,7,0,0
2024-12-21,STATEN ISLAND,3,0,0
2024-12-22,BRONX,2,0,0
2024-12-22,BROOKLYN,8,0,0
2024-12-22,MANHATTAN,17,0,0
2024-12-22,QUEENS,5,0,0
2024-12-23,BRONX,3,0,0
2024-12-23,BROOKLYN,6,0,0
2024-12-23,MANHATTAN,16,0,0
2024-12-23,QUEENS,10,0,0
2024-12-23,STATEN ISLAND,1,0,0
2024-12-24,BRONX,4,0,0
2024-12-24,BROOKLYN,12,0,0
2024-12-24,MANHATTAN,8,0,0
2024-12-24,QUEENS,6,0,0
2024-12-24,STATEN ISLAND,1,0,0
2024-12-25,BRONX,1,0,0
2024-12-25,BROOKLYN,5,0,0
2024-12-25,MANHATTAN,7,0,0
2024-12-25,QUEENS,7,0,0
2024-12-26,BRONX,6,0,0
2024-12-26,BROOKLYN,7,0,0
2024-12-26,MANHATTAN,23,0,0
2024-12-26,QUEENS,7,0,0
2024-12-27,BRONX,5,0,0
2024-12-27,BROOKLYN,22,0,0
2024-12-27,MANHATTAN,17,0,0
2024-12-27,QUEENS,10,0,0
2024-12-27,STATEN ISLAND,2,0,0
2024-12-28,BRONX,4,0,0
2024-12-28,BROOKLYN,5,0,0
2024-12-28,MANHATTAN,13,0,0
2024-12-28,QUEENS,7,0,0
2024-12-28,STATEN ISLAND,1,0,0
2024-12-29,BRONX,4,0,0
2024-12-29,BROOKLYN,9,0,0
2024-12-29,MANHATTAN,14,0,0
2024-12-29,QUEENS,8,0,0
2024-12-29,STATEN ISLAND,1,0,0
2024-12-30,BRONX,8,0,0
2024-12-30,BROOKLYN,10,0,0
2024-12-30,MANHATTAN,17,0,0
2024-12-30,QUEENS,17,0,0
2024-12-30,STATEN ISLAND,2,0,0
2024-12-31,BRONX,3,0,0
2024-12-31,BROOKLYN,15,0,0
2024-12-31,MANHATTAN,13,0,0
2024-12-31,QUEENS,6,0,0
2024-12-31,STATEN ISLAND,1,0,0
